name,episode
Rick Sanchez,"['https://rickandmortyapi.com/api/episode/1', 'https://rickandmortyapi.com/api/episode/2', 'https://rickandmortyapi.com/api/episode/3', 'https://rickandmortyapi.com/api/episode/4', 'https://rickandmortyapi.com/api/episode/5', 'https://rickandmortyapi.com/api/episode/6', 'https://rickandmortyapi.com/api/episode/7', 'https://rickandmortyapi.com/api/episode/8', 'https://rickandmortyapi.com/api/episode/9', 'https://rickandmortyapi.com/api/episode/10', 'https://rickandmortyapi.com/api/episode/11', 'https://rickandmortyapi.com/api/episode/12', 'https://rickandmortyapi.com/api/episode/13', 'https://rickandmortyapi.com/api/episode/14', 'https://rickandmortyapi.com/api/episode/15', 'https://rickandmortyapi.com/api/episode/16', 'https://rickandmortyapi.com/api/episode/17', 'https://rickandmortyapi.com/api/episode/18', 'https://rickandmortyapi.com/api/episode/19', 'https://rickandmortyapi.com/api/episode/20', 'https://rickandmortyapi.com/api/episode/21', 'https://rickandmortyapi.com/api/episode/22', 'https://rickandmortyapi.com/api/episode/23', 'https://rickandmortyapi.com/api/episode/24', 'https://rickandmortyapi.com/api/episode/25', 'https://rickandmortyapi.com/api/episode/26', 'https://rickandmortyapi.com/api/episode/27', 'https://rickandmortyapi.com/api/episode/28', 'https://rickandmortyapi.com/api/episode/29', 'https://rickandmortyapi.com/api/episode/30', 'https://rickandmortyapi.com/api/episode/31', 'https://rickandmortyapi.com/api/episode/32', 'https://rickandmortyapi.com/api/episode/33', 'https://rickandmortyapi.com/api/episode/34', 'https://rickandmortyapi.com/api/episode/35', 'https://rickandmortyapi.com/api/episode/36', 'https://rickandmortyapi.com/api/episode/37', 'https://rickandmortyapi.com/api/episode/38', 'https://rickandmortyapi.com/api/episode/39', 'https://rickandmortyapi.com/api/episode/40', 'https://rickandmortyapi.com/api/episode/41', 'https://rickandmortyapi.com/api/episode/42', 'https://rickandmortyapi.com/api/episode/43', 'https://rickandmortyapi.com/api/episode/44', 'https://rickandmortyapi.com/api/episode/45', 'https://rickandmortyapi.com/api/episode/46', 'https://rickandmortyapi.com/api/episode/47', 'https://rickandmortyapi.com/api/episode/48', 'https://rickandmortyapi.com/api/episode/49', 'https://rickandmortyapi.com/api/episode/50', 'https://rickandmortyapi.com/api/episode/51']"
Morty Smith,"['https://rickandmortyapi.com/api/episode/1', 'https://rickandmortyapi.com/api/episode/2', 'https://rickandmortyapi.com/api/episode/3', 'https://rickandmortyapi.com/api/episode/4', 'https://rickandmortyapi.com/api/episode/5', 'https://rickandmortyapi.com/api/episode/6', 'https://rickandmortyapi.com/api/episode/7', 'https://rickandmortyapi.com/api/episode/8', 'https://rickandmortyapi.com/api/episode/9', 'https://rickandmortyapi.com/api/episode/10', 'https://rickandmortyapi.com/api/episode/11', 'https://rickandmortyapi.com/api/episode/12', 'https://rickandmortyapi.com/api/episode/13', 'https://rickandmortyapi.com/api/episode/14', 'https://rickandmortyapi.com/api/episode/15', 'https://rickandmortyapi.com/api/episode/16', 'https://rickandmortyapi.com/api/episode/17', 'https://rickandmortyapi.com/api/episode/18', 'https://rickandmortyapi.com/api/episode/19', 'https://rickandmortyapi.com/api/episode/20', 'https://rickandmortyapi.com/api/episode/21', 'https://rickandmortyapi.com/api/episode/22', 'https://rickandmortyapi.com/api/episode/23', 'https://rickandmortyapi.com/api/episode/24', 'https://rickandmortyapi.com/api/episode/25', 'https://rickandmortyapi.com/api/episode/26', 'https://rickandmortyapi.com/api/episode/27', 'https://rickandmortyapi.com/api/episode/28', 'https://rickandmortyapi.com/api/episode/29', 'https://rickandmortyapi.com/api/episode/30', 'https://rickandmortyapi.com/api/episode/31', 'https://rickandmortyapi.com/api/episode/32', 'https://rickandmortyapi.com/api/episode/33', 'https://rickandmortyapi.com/api/episode/34', 'https://rickandmortyapi.com/api/episode/35', 'https://rickandmortyapi.com/api/episode/36', 'https://rickandmortyapi.com/api/episode/37', 'https://rickandmortyapi.com/api/episode/38', 'https://rickandmortyapi.com/api/episode/39', 'https://rickandmortyapi.com/api/episode/40', 'https://rickandmortyapi.com/api/episode/41', 'https://rickandmortyapi.com/api/episode/42', 'https://rickandmortyapi.com/api/episode/43', 'https://rickandmortyapi.com/api/episode/44', 'https://rickandmortyapi.com/api/episode/45', 'https://rickandmortyapi.com/api/episode/46', 'https://rickandmortyapi.com/api/episode/47', 'https://rickandmortyapi.com/api/episode/48', 'https://rickandmortyapi.com/api/episode/49', 'https://rickandmortyapi.com/api/episode/50', 'https://rickandmortyapi.com/api/episode/51']"
Summer Smith,"['https://rickandmortyapi.com/api/episode/6', 'https://rickandmortyapi.com/api/episode/7', 'https://rickandmortyapi.com/api/episode/8', 'https://rickandmortyapi.com/api/episode/9', 'https://rickandmortyapi.com/api/episode/10', 'https://rickandmortyapi.com/api/episode/11', 'https://rickandmortyapi.com/api/episode/12', 'https://rickandmortyapi.com/api/episode/14', 'https://rickandmortyapi.com/api/episode/15', 'https://rickandmortyapi.com/api/episode/16', 'https://rickandmortyapi.com/api/episode/17', 'https://rickandmortyapi.com/api/episode/18', 'https://rickandmortyapi.com/api/episode/19', 'https://rickandmortyapi.com/api/episode/20', 'https://rickandmortyapi.com/api/episode/21', 'https://rickandmortyapi.com/api/episode/22', 'https://rickandmortyapi.com/api/episode/23', 'https://rickandmortyapi.com/api/episode/24', 'https://rickandmortyapi.com/api/episode/25', 'https://rickandmortyapi.com/api/episode/26', 'https://rickandmortyapi.com/api/episode/27', 'https://rickandmortyapi.com/api/episode/29', 'https://rickandmortyapi.com/api/episode/30', 'https://rickandmortyapi.com/api/episode/31', 'https://rickandmortyapi.com/api/episode/32', 'https://rickandmortyapi.com/api/episode/33', 'https://rickandmortyapi.com/api/episode/34', 'https://rickandmortyapi.com/api/episode/35', 'https://rickandmortyapi.com/api/episode/36', 'https://rickandmortyapi.com/api/episode/38', 'https://rickandmortyapi.com/api/episode/39', 'https://rickandmortyapi.com/api/episode/40', 'https://rickandmortyapi.com/api/episode/41', 'https://rickandmortyapi.com/api/episode/42', 'https://rickandmortyapi.com/api/episode/43', 'https://rickandmortyapi.com/api/episode/44', 'https://rickandmortyapi.com/api/episode/45', 'https://rickandmortyapi.com/api/episode/46', 'https://rickandmortyapi.com/api/episode/47', 'https://rickandmortyapi.com/api/episode/48', 'https://rickandmortyapi.com/api/episode/49', 'https://rickandmortyapi.com/api/episode/51']"
Beth Smith,"['https://rickandmortyapi.com/api/episode/6', 'https://rickandmortyapi.com/api/episode/7', 'https://rickandmortyapi.com/api/episode/8', 'https://rickandmortyapi.com/api/episode/9', 'https://rickandmortyapi.com/api/episode/10', 'https://rickandmortyapi.com/api/episode/11', 'https://rickandmortyapi.com/api/episode/12', 'https://rickandmortyapi.com/api/episode/14', 'https://rickandmortyapi.com/api/episode/15', 'https://rickandmortyapi.com/api/episode/16', 'https://rickandmortyapi.com/api/episode/18', 'https://rickandmortyapi.com/api/episode/19', 'https://rickandmortyapi.com/api/episode/20', 'https://rickandmortyapi.com/api/episode/21', 'https://rickandmortyapi.com/api/episode/22', 'https://rickandmortyapi.com/api/episode/23', 'https://rickandmortyapi.com/api/episode/24', 'https://rickandmortyapi.com/api/episode/25', 'https://rickandmortyapi.com/api/episode/26', 'https://rickandmortyapi.com/api/episode/27', 'https://rickandmortyapi.com/api/episode/28', 'https://rickandmortyapi.com/api/episode/29', 'https://rickandmortyapi.com/api/episode/30', 'https://rickandmortyapi.com/api/episode/31', 'https://rickandmortyapi.com/api/episode/32', 'https://rickandmortyapi.com/api/episode/33', 'https://rickandmortyapi.com/api/episode/34', 'https://rickandmortyapi.com/api/episode/35', 'https://rickandmortyapi.com/api/episode/36', 'https://rickandmortyapi.com/api/episode/38', 'https://rickandmortyapi.com/api/episode/39', 'https://rickandmortyapi.com/api/episode/40', 'https://rickandmortyapi.com/api/episode/41', 'https://rickandmortyapi.com/api/episode/42', 'https://rickandmortyapi.com/api/episode/43', 'https://rickandmortyapi.com/api/episode/44', 'https://rickandmortyapi.com/api/episode/45', 'https://rickandmortyapi.com/api/episode/46', 'https://rickandmortyapi.com/api/episode/47', 'https://rickandmortyapi.com/api/episode/48', 'https://rickandmortyapi.com/api/episode/49', 'https://rickandmortyapi.com/api/episode/51']"
Jerry Smith,"['https://rickandmortyapi.com/api/episode/6', 'https://rickandmortyapi.com/api/episode/7', 'https://rickandmortyapi.com/api/episode/8', 'https://rickandmortyapi.com/api/episode/9', 'https://rickandmortyapi.com/api/episode/10', 'https://rickandmortyapi.com/api/episode/11', 'https://rickandmortyapi.com/api/episode/12', 'https://rickandmortyapi.com/api/episode/13', 'https://rickandmortyapi.com/api/episode/14', 'https://rickandmortyapi.com/api/episode/15', 'https://rickandmortyapi.com/api/episode/16', 'https://rickandmortyapi.com/api/episode/18', 'https://rickandmortyapi.com/api/episode/19', 'https://rickandmortyapi.com/api/episode/20', 'https://rickandmortyapi.com/api/episode/21', 'https://rickandmortyapi.com/api/episode/22', 'https://rickandmortyapi.com/api/episode/23', 'https://rickandmortyapi.com/api/episode/26', 'https://rickandmortyapi.com/api/episode/29', 'https://rickandmortyapi.com/api/episode/30', 'https://rickandmortyapi.com/api/episode/31', 'https://rickandmortyapi.com/api/episode/32', 'https://rickandmortyapi.com/api/episode/33', 'https://rickandmortyapi.com/api/episode/35', 'https://rickandmortyapi.com/api/episode/36', 'https://rickandmortyapi.com/api/episode/38', 'https://rickandmortyapi.com/api/episode/39', 'https://rickandmortyapi.com/api/episode/40', 'https://rickandmortyapi.com/api/episode/41', 'https://rickandmortyapi.com/api/episode/42', 'https://rickandmortyapi.com/api/episode/43', 'https://rickandmortyapi.com/api/episode/44', 'https://rickandmortyapi.com/api/episode/45', 'https://rickandmortyapi.com/api/episode/46', 'https://rickandmortyapi.com/api/episode/47', 'https://rickandmortyapi.com/api/episode/48', 'https://rickandmortyapi.com/api/episode/49', 'https://rickandmortyapi.com/api/episode/50', 'https://rickandmortyapi.com/api/episode/51']"
Abadango Cluster Princess,['https://rickandmortyapi.com/api/episode/27']
Abradolf Lincler,"['https://rickandmortyapi.com/api/episode/10', 'https://rickandmortyapi.com/api/episode/11']"
Adjudicator Rick,['https://rickandmortyapi.com/api/episode/28']
Agency Director,['https://rickandmortyapi.com/api/episode/24']
Alan Rails,['https://rickandmortyapi.com/api/episode/25']
Albert Einstein,['https://rickandmortyapi.com/api/episode/12']
Alexander,['https://rickandmortyapi.com/api/episode/3']
Alien Googah,['https://rickandmortyapi.com/api/episode/31']
Alien Morty,['https://rickandmortyapi.com/api/episode/10']
Alien Rick,['https://rickandmortyapi.com/api/episode/10']
Amish Cyborg,['https://rickandmortyapi.com/api/episode/15']
Annie,['https://rickandmortyapi.com/api/episode/3']
Antenna Morty,"['https://rickandmortyapi.com/api/episode/10', 'https://rickandmortyapi.com/api/episode/28']"
Antenna Rick,['https://rickandmortyapi.com/api/episode/10']
Ants in my Eyes Johnson,['https://rickandmortyapi.com/api/episode/8']
Aqua Morty,"['https://rickandmortyapi.com/api/episode/10', 'https://rickandmortyapi.com/api/episode/22']"
Aqua Rick,"['https://rickandmortyapi.com/api/episode/10', 'https://rickandmortyapi.com/api/episode/22', 'https://rickandmortyapi.com/api/episode/28']"
Arcade Alien,"['https://rickandmortyapi.com/api/episode/13', 'https://rickandmortyapi.com/api/episode/19', 'https://rickandmortyapi.com/api/episode/21', 'https://rickandmortyapi.com/api/episode/25', 'https://rickandmortyapi.com/api/episode/26']"
Armagheadon,['https://rickandmortyapi.com/api/episode/16']
Armothy,['https://rickandmortyapi.com/api/episode/23']
Arthricia,['https://rickandmortyapi.com/api/episode/20']
Artist Morty,"['https://rickandmortyapi.com/api/episode/10', 'https://rickandmortyapi.com/api/episode/28']"
Attila Starwar,"['https://rickandmortyapi.com/api/episode/8', 'https://rickandmortyapi.com/api/episode/13', 'https://rickandmortyapi.com/api/episode/17']"
Baby Legs,['https://rickandmortyapi.com/api/episode/8']
Baby Poopybutthole,['https://rickandmortyapi.com/api/episode/31']
Baby Wizard,['https://rickandmortyapi.com/api/episode/15']
Bearded Lady,['https://rickandmortyapi.com/api/episode/15']
Beebo,['https://rickandmortyapi.com/api/episode/29']
Benjamin,"['https://rickandmortyapi.com/api/episode/8', 'https://rickandmortyapi.com/api/episode/13', 'https://rickandmortyapi.com/api/episode/17']"
Bepisian,"['https://rickandmortyapi.com/api/episode/1', 'https://rickandmortyapi.com/api/episode/11', 'https://rickandmortyapi.com/api/episode/19', 'https://rickandmortyapi.com/api/episode/25']"
Beta-Seven,['https://rickandmortyapi.com/api/episode/14']
Beth Sanchez,['https://rickandmortyapi.com/api/episode/8']
Beth Smith,"['https://rickandmortyapi.com/api/episode/1', 'https://rickandmortyapi.com/api/episode/2', 'https://rickandmortyapi.com/api/episode/3', 'https://rickandmortyapi.com/api/episode/4', 'https://rickandmortyapi.com/api/episode/5', 'https://rickandmortyapi.com/api/episode/6', 'https://rickandmortyapi.com/api/episode/22', 'https://rickandmortyapi.com/api/episode/51']"
Beth Smith,['https://rickandmortyapi.com/api/episode/10']
Beth's Mytholog,['https://rickandmortyapi.com/api/episode/18']
Big Boobed Waitress,['https://rickandmortyapi.com/api/episode/5']
Big Head Morty,['https://rickandmortyapi.com/api/episode/22']
Big Morty,['https://rickandmortyapi.com/api/episode/28']
Body Guard Morty,['https://rickandmortyapi.com/api/episode/28']
Bill,['https://rickandmortyapi.com/api/episode/3']
Bill,['https://rickandmortyapi.com/api/episode/2']
Birdperson,"['https://rickandmortyapi.com/api/episode/11', 'https://rickandmortyapi.com/api/episode/16', 'https://rickandmortyapi.com/api/episode/21', 'https://rickandmortyapi.com/api/episode/22', 'https://rickandmortyapi.com/api/episode/26', 'https://rickandmortyapi.com/api/episode/49', 'https://rickandmortyapi.com/api/episode/51']"
Black Rick,"['https://rickandmortyapi.com/api/episode/22', 'https://rickandmortyapi.com/api/episode/28']"
Blamph,['https://rickandmortyapi.com/api/episode/19']
Blim Blam,['https://rickandmortyapi.com/api/episode/14']
Blue Diplomat,['https://rickandmortyapi.com/api/episode/19']
Blue Footprint Guy,['https://rickandmortyapi.com/api/episode/23']
Blue Shirt Morty,['https://rickandmortyapi.com/api/episode/10']
Bobby Moynihan,['https://rickandmortyapi.com/api/episode/8']
Boobloosian,"['https://rickandmortyapi.com/api/episode/18', 'https://rickandmortyapi.com/api/episode/21']"
Bootleg Portal Chemist Rick,['https://rickandmortyapi.com/api/episode/28']
Borpocian,['https://rickandmortyapi.com/api/episode/22']
Brad,"['https://rickandmortyapi.com/api/episode/6', 'https://rickandmortyapi.com/api/episode/11', 'https://rickandmortyapi.com/api/episode/30', 'https://rickandmortyapi.com/api/episode/46']"
Brad Anderson,['https://rickandmortyapi.com/api/episode/7']
Calypso,['https://rickandmortyapi.com/api/episode/25']
Campaign Manager Morty,['https://rickandmortyapi.com/api/episode/28']
Canklanker Thom,['https://rickandmortyapi.com/api/episode/1']
Centaur,['https://rickandmortyapi.com/api/episode/2']
Chris,['https://rickandmortyapi.com/api/episode/12']
Chris,['https://rickandmortyapi.com/api/episode/17']
Coach Feratu (Balik Alistane),['https://rickandmortyapi.com/api/episode/18']
Collector,['https://rickandmortyapi.com/api/episode/29']
Colossus,['https://rickandmortyapi.com/api/episode/23']
Commander Rick,['https://rickandmortyapi.com/api/episode/22']
Concerto,['https://rickandmortyapi.com/api/episode/24']
Conroy,['https://rickandmortyapi.com/api/episode/22']
Cool Rick,['https://rickandmortyapi.com/api/episode/28']
Cop Morty,['https://rickandmortyapi.com/api/episode/28']
Cop Rick,['https://rickandmortyapi.com/api/episode/28']
Courier Flap,['https://rickandmortyapi.com/api/episode/21']
Cousin Nicky,['https://rickandmortyapi.com/api/episode/15']
Cowboy Morty,['https://rickandmortyapi.com/api/episode/10']
Cowboy Rick,"['https://rickandmortyapi.com/api/episode/10', 'https://rickandmortyapi.com/api/episode/28']"
Crab Spider,['https://rickandmortyapi.com/api/episode/10']
Creepy Little Girl,['https://rickandmortyapi.com/api/episode/2']
Crocubot,['https://rickandmortyapi.com/api/episode/25']
Cronenberg Rick,"['https://rickandmortyapi.com/api/episode/6', 'https://rickandmortyapi.com/api/episode/10']"
Cronenberg Morty,"['https://rickandmortyapi.com/api/episode/6', 'https://rickandmortyapi.com/api/episode/10']"
Cult Leader Morty,['https://rickandmortyapi.com/api/episode/10']
Cyclops Morty,"['https://rickandmortyapi.com/api/episode/10', 'https://rickandmortyapi.com/api/episode/28']"
Cyclops Rick,"['https://rickandmortyapi.com/api/episode/10', 'https://rickandmortyapi.com/api/episode/22', 'https://rickandmortyapi.com/api/episode/28']"
Cynthia,['https://rickandmortyapi.com/api/episode/4']
Cynthia,"['https://rickandmortyapi.com/api/episode/8', 'https://rickandmortyapi.com/api/episode/9', 'https://rickandmortyapi.com/api/episode/11', 'https://rickandmortyapi.com/api/episode/25']"
Dale,['https://rickandmortyapi.com/api/episode/5']
Daron Jefferson,['https://rickandmortyapi.com/api/episode/14']
David Letterman,['https://rickandmortyapi.com/api/episode/8']
Davin,"['https://rickandmortyapi.com/api/episode/1', 'https://rickandmortyapi.com/api/episode/6']"
Diablo Verde,['https://rickandmortyapi.com/api/episode/25']
Diane Sanchez,"['https://rickandmortyapi.com/api/episode/22', 'https://rickandmortyapi.com/api/episode/51']"
Dipper and Mabel Mortys,['https://rickandmortyapi.com/api/episode/22']
Tuberculosis,['https://rickandmortyapi.com/api/episode/3']
Gonorrhea,['https://rickandmortyapi.com/api/episode/3']
Hepatitis A,['https://rickandmortyapi.com/api/episode/3']
Hepatitis C,['https://rickandmortyapi.com/api/episode/3']
Bubonic Plague,['https://rickandmortyapi.com/api/episode/3']
E. Coli,['https://rickandmortyapi.com/api/episode/3']
Donna Gueterman,['https://rickandmortyapi.com/api/episode/21']
Doofus Rick,"['https://rickandmortyapi.com/api/episode/10', 'https://rickandmortyapi.com/api/episode/22']"
Doom-Nomitron,['https://rickandmortyapi.com/api/episode/25']
Dr. Glip-Glop,['https://rickandmortyapi.com/api/episode/19']
Dr. Schmidt,['https://rickandmortyapi.com/api/episode/13']
Dr. Wong,"['https://rickandmortyapi.com/api/episode/24', 'https://rickandmortyapi.com/api/episode/41']"
Dr. Xenon Bloom,['https://rickandmortyapi.com/api/episode/3']
Duck With Muscles,['https://rickandmortyapi.com/api/episode/15']
Eli,['https://rickandmortyapi.com/api/episode/23']
Eli's Girlfriend,['https://rickandmortyapi.com/api/episode/23']
Eric McMan,['https://rickandmortyapi.com/api/episode/3']
Eric Stoltz Mask Morty,['https://rickandmortyapi.com/api/episode/10']
Ethan,['https://rickandmortyapi.com/api/episode/3']
Ethan,"['https://rickandmortyapi.com/api/episode/16', 'https://rickandmortyapi.com/api/episode/26']"
Evil Beth Clone,['https://rickandmortyapi.com/api/episode/5']
Evil Jerry Clone,['https://rickandmortyapi.com/api/episode/5']
Evil Morty,"['https://rickandmortyapi.com/api/episode/10', 'https://rickandmortyapi.com/api/episode/28', 'https://rickandmortyapi.com/api/episode/51']"
Evil Rick,['https://rickandmortyapi.com/api/episode/10']
Evil Summer Clone,['https://rickandmortyapi.com/api/episode/5']
Eyehole Man,['https://rickandmortyapi.com/api/episode/19']
Fart,['https://rickandmortyapi.com/api/episode/13']
Fat Morty,['https://rickandmortyapi.com/api/episode/28']
Father Bob,"['https://rickandmortyapi.com/api/episode/16', 'https://rickandmortyapi.com/api/episode/27']"
Flansian,"['https://rickandmortyapi.com/api/episode/18', 'https://rickandmortyapi.com/api/episode/21', 'https://rickandmortyapi.com/api/episode/25']"
Fleeb,['https://rickandmortyapi.com/api/episode/19']
Frank Palicky,['https://rickandmortyapi.com/api/episode/1']
Frankenstein's Monster,['https://rickandmortyapi.com/api/episode/15']
Fulgora,"['https://rickandmortyapi.com/api/episode/8', 'https://rickandmortyapi.com/api/episode/13', 'https://rickandmortyapi.com/api/episode/17']"
Galactic Federation President,['https://rickandmortyapi.com/api/episode/21']
Gar Gloonch,"['https://rickandmortyapi.com/api/episode/13', 'https://rickandmortyapi.com/api/episode/18', 'https://rickandmortyapi.com/api/episode/21']"
Gar's Mytholog,['https://rickandmortyapi.com/api/episode/18']
Garblovian,"['https://rickandmortyapi.com/api/episode/13', 'https://rickandmortyapi.com/api/episode/19', 'https://rickandmortyapi.com/api/episode/21']"
Garmanarnar,['https://rickandmortyapi.com/api/episode/8']
Garment District Rick,['https://rickandmortyapi.com/api/episode/28']
Gazorpazorpfield,"['https://rickandmortyapi.com/api/episode/8', 'https://rickandmortyapi.com/api/episode/13']"
Gene,"['https://rickandmortyapi.com/api/episode/26', 'https://rickandmortyapi.com/api/episode/49']"
General Nathan,['https://rickandmortyapi.com/api/episode/16']
General Store Owner,['https://rickandmortyapi.com/api/episode/20']
Genital Washer,['https://rickandmortyapi.com/api/episode/23']
Ghost in a Jar,['https://rickandmortyapi.com/api/episode/15']
Gibble Snake,['https://rickandmortyapi.com/api/episode/26']
Glasses Morty,['https://rickandmortyapi.com/api/episode/28']
Glenn,['https://rickandmortyapi.com/api/episode/1']
Glenn,['https://rickandmortyapi.com/api/episode/8']
Glexo Slim Slom,['https://rickandmortyapi.com/api/episode/18']
Gobo,['https://rickandmortyapi.com/api/episode/29']
Goddess Beth,['https://rickandmortyapi.com/api/episode/18']
Gordon Lunas,['https://rickandmortyapi.com/api/episode/29']
Cornvelious Daniel,['https://rickandmortyapi.com/api/episode/22']
Gwendolyn,['https://rickandmortyapi.com/api/episode/7']
Hammerhead Morty,"['https://rickandmortyapi.com/api/episode/10', 'https://rickandmortyapi.com/api/episode/22']"
Hamster In Butt,"['https://rickandmortyapi.com/api/episode/8', 'https://rickandmortyapi.com/api/episode/19']"
Hamurai,['https://rickandmortyapi.com/api/episode/15']
Harold,['https://rickandmortyapi.com/api/episode/6']
Hemorrhage,['https://rickandmortyapi.com/api/episode/23']
Hole in the Wall Where the Men Can See it All,['https://rickandmortyapi.com/api/episode/8']
Hookah Alien,['https://rickandmortyapi.com/api/episode/1']
Hunter,['https://rickandmortyapi.com/api/episode/17']
Hunter's Father,['https://rickandmortyapi.com/api/episode/17']
Hydrogen-F,['https://rickandmortyapi.com/api/episode/16']
Ice-T,['https://rickandmortyapi.com/api/episode/16']
Ideal Jerry,['https://rickandmortyapi.com/api/episode/18']
Insurance Rick,['https://rickandmortyapi.com/api/episode/10']
Investigator Rick,['https://rickandmortyapi.com/api/episode/28']
Invisi-trooper,['https://rickandmortyapi.com/api/episode/31']
Izzy,['https://rickandmortyapi.com/api/episode/24']
Jackie,['https://rickandmortyapi.com/api/episode/7']
Jacob,"['https://rickandmortyapi.com/api/episode/3', 'https://rickandmortyapi.com/api/episode/15']"
Jacqueline,['https://rickandmortyapi.com/api/episode/27']
Jaguar,['https://rickandmortyapi.com/api/episode/24']
Jamey,['https://rickandmortyapi.com/api/episode/16']
Jan-Michael Vincent,['https://rickandmortyapi.com/api/episode/19']
Jerry 5-126,['https://rickandmortyapi.com/api/episode/13']
Jerry Smith,"['https://rickandmortyapi.com/api/episode/1', 'https://rickandmortyapi.com/api/episode/2', 'https://rickandmortyapi.com/api/episode/3', 'https://rickandmortyapi.com/api/episode/4', 'https://rickandmortyapi.com/api/episode/5', 'https://rickandmortyapi.com/api/episode/6', 'https://rickandmortyapi.com/api/episode/22']"
Celebrity Jerry,['https://rickandmortyapi.com/api/episode/8']
Jerry Smith,['https://rickandmortyapi.com/api/episode/10']
Jerry's Mytholog,['https://rickandmortyapi.com/api/episode/18']
Jessica,"['https://rickandmortyapi.com/api/episode/1', 'https://rickandmortyapi.com/api/episode/4', 'https://rickandmortyapi.com/api/episode/6']"
Jessica,"['https://rickandmortyapi.com/api/episode/11', 'https://rickandmortyapi.com/api/episode/13', 'https://rickandmortyapi.com/api/episode/17', 'https://rickandmortyapi.com/api/episode/18', 'https://rickandmortyapi.com/api/episode/26', 'https://rickandmortyapi.com/api/episode/27', 'https://rickandmortyapi.com/api/episode/28', 'https://rickandmortyapi.com/api/episode/29', 'https://rickandmortyapi.com/api/episode/30', 'https://rickandmortyapi.com/api/episode/32', 'https://rickandmortyapi.com/api/episode/39', 'https://rickandmortyapi.com/api/episode/42']"
Jessica's Friend,"['https://rickandmortyapi.com/api/episode/1', 'https://rickandmortyapi.com/api/episode/4', 'https://rickandmortyapi.com/api/episode/6', 'https://rickandmortyapi.com/api/episode/11', 'https://rickandmortyapi.com/api/episode/17', 'https://rickandmortyapi.com/api/episode/18', 'https://rickandmortyapi.com/api/episode/25', 'https://rickandmortyapi.com/api/episode/27']"
Jim,['https://rickandmortyapi.com/api/episode/16']
Johnny Depp,['https://rickandmortyapi.com/api/episode/8']
Jon,['https://rickandmortyapi.com/api/episode/8']
Joseph Eli Lipkip,['https://rickandmortyapi.com/api/episode/30']
Joyce Smith,['https://rickandmortyapi.com/api/episode/3']
Juggling Rick,['https://rickandmortyapi.com/api/episode/28']
Karen Entity,['https://rickandmortyapi.com/api/episode/14']
Katarina,['https://rickandmortyapi.com/api/episode/24']
Keara,['https://rickandmortyapi.com/api/episode/30']
Kevin,['https://rickandmortyapi.com/api/episode/4']
King Flippy Nips,['https://rickandmortyapi.com/api/episode/9']
King Jellybean,['https://rickandmortyapi.com/api/episode/5']
Kozbian,['https://rickandmortyapi.com/api/episode/21']
Kristen Stewart,['https://rickandmortyapi.com/api/episode/8']
Krombopulos Michael,['https://rickandmortyapi.com/api/episode/13']
Kyle,['https://rickandmortyapi.com/api/episode/17']
Lady Katana,['https://rickandmortyapi.com/api/episode/25']
Larva Alien,"['https://rickandmortyapi.com/api/episode/16', 'https://rickandmortyapi.com/api/episode/19', 'https://rickandmortyapi.com/api/episode/21']"
Lawyer Morty,['https://rickandmortyapi.com/api/episode/22']
Leonard Smith,['https://rickandmortyapi.com/api/episode/3']
Lighthouse Keeper,['https://rickandmortyapi.com/api/episode/20']
Lil B,"['https://rickandmortyapi.com/api/episode/21', 'https://rickandmortyapi.com/api/episode/48']"
Lisa,['https://rickandmortyapi.com/api/episode/26']
Little Dipper,['https://rickandmortyapi.com/api/episode/19']
Lizard Morty,['https://rickandmortyapi.com/api/episode/28']
Loggins,"['https://rickandmortyapi.com/api/episode/8', 'https://rickandmortyapi.com/api/episode/13', 'https://rickandmortyapi.com/api/episode/17']"
Logic,['https://rickandmortyapi.com/api/episode/25']
Long Sleeved Morty,['https://rickandmortyapi.com/api/episode/10']
Lucy,['https://rickandmortyapi.com/api/episode/11']
Ma-Sha,['https://rickandmortyapi.com/api/episode/7']
Magma-Q,['https://rickandmortyapi.com/api/episode/16']
Magnesium-J,['https://rickandmortyapi.com/api/episode/16']
Man Painted Silver Who Makes Robot Noises,['https://rickandmortyapi.com/api/episode/8']
Maximums Rickimus,"['https://rickandmortyapi.com/api/episode/10', 'https://rickandmortyapi.com/api/episode/22', 'https://rickandmortyapi.com/api/episode/51']"
MC Haps,"['https://rickandmortyapi.com/api/episode/6', 'https://rickandmortyapi.com/api/episode/11', 'https://rickandmortyapi.com/api/episode/25']"
Mechanical Morty,['https://rickandmortyapi.com/api/episode/23']
Mechanical Rick,['https://rickandmortyapi.com/api/episode/23']
Mechanical Summer,['https://rickandmortyapi.com/api/episode/23']
Mega Fruit Farmer Rick,['https://rickandmortyapi.com/api/episode/28']
Melissa,['https://rickandmortyapi.com/api/episode/2']
Michael Denny and the Denny Singers,['https://rickandmortyapi.com/api/episode/8']
Michael Jenkins,['https://rickandmortyapi.com/api/episode/19']
Michael McLick,['https://rickandmortyapi.com/api/episode/19']
Michael Thompson,['https://rickandmortyapi.com/api/episode/19']
Million Ants,['https://rickandmortyapi.com/api/episode/25']
Mitch,['https://rickandmortyapi.com/api/episode/27']
Mohawk Guy,['https://rickandmortyapi.com/api/episode/23']
Morty Mart Manager Morty,['https://rickandmortyapi.com/api/episode/28']
Morty Jr.,['https://rickandmortyapi.com/api/episode/7']
Morty Rick,['https://rickandmortyapi.com/api/episode/22']
Morty Smith,['https://rickandmortyapi.com/api/episode/10']
Morty K-22,['https://rickandmortyapi.com/api/episode/28']
Morty Smith,['https://rickandmortyapi.com/api/episode/6']
Mortytown Loco,['https://rickandmortyapi.com/api/episode/28']
Mr. Beauregard,['https://rickandmortyapi.com/api/episode/15']
Mr. Benson,['https://rickandmortyapi.com/api/episode/12']
Mr. Booby Buyer,['https://rickandmortyapi.com/api/episode/5']
Mr. Goldenfold,"['https://rickandmortyapi.com/api/episode/1', 'https://rickandmortyapi.com/api/episode/2', 'https://rickandmortyapi.com/api/episode/4', 'https://rickandmortyapi.com/api/episode/6']"
Mr. Goldenfold,"['https://rickandmortyapi.com/api/episode/9', 'https://rickandmortyapi.com/api/episode/16', 'https://rickandmortyapi.com/api/episode/17', 'https://rickandmortyapi.com/api/episode/18', 'https://rickandmortyapi.com/api/episode/21', 'https://rickandmortyapi.com/api/episode/22', 'https://rickandmortyapi.com/api/episode/24', 'https://rickandmortyapi.com/api/episode/27', 'https://rickandmortyapi.com/api/episode/30', 'https://rickandmortyapi.com/api/episode/39']"
Mr. Marklovitz,"['https://rickandmortyapi.com/api/episode/4', 'https://rickandmortyapi.com/api/episode/16']"
Mr. Meeseeks,"['https://rickandmortyapi.com/api/episode/5', 'https://rickandmortyapi.com/api/episode/10', 'https://rickandmortyapi.com/api/episode/13', 'https://rickandmortyapi.com/api/episode/29', 'https://rickandmortyapi.com/api/episode/32']"
Mr. Needful,['https://rickandmortyapi.com/api/episode/9']
Mr. Poopybutthole,"['https://rickandmortyapi.com/api/episode/15', 'https://rickandmortyapi.com/api/episode/21', 'https://rickandmortyapi.com/api/episode/29', 'https://rickandmortyapi.com/api/episode/30', 'https://rickandmortyapi.com/api/episode/31', 'https://rickandmortyapi.com/api/episode/34', 'https://rickandmortyapi.com/api/episode/51']"
Mrs. Lipkip,['https://rickandmortyapi.com/api/episode/30']
Mrs. Pancakes,"['https://rickandmortyapi.com/api/episode/2', 'https://rickandmortyapi.com/api/episode/27']"
Amy Poopybutthole,['https://rickandmortyapi.com/api/episode/31']
Mrs. Refrigerator,['https://rickandmortyapi.com/api/episode/15']
Mrs. Sanchez,"['https://rickandmortyapi.com/api/episode/1', 'https://rickandmortyapi.com/api/episode/6', 'https://rickandmortyapi.com/api/episode/14', 'https://rickandmortyapi.com/api/episode/30']"
Mrs. Sullivan,['https://rickandmortyapi.com/api/episode/8']
Nancy,"['https://rickandmortyapi.com/api/episode/6', 'https://rickandmortyapi.com/api/episode/9', 'https://rickandmortyapi.com/api/episode/11', 'https://rickandmortyapi.com/api/episode/25', 'https://rickandmortyapi.com/api/episode/29', 'https://rickandmortyapi.com/api/episode/36']"
Noob-Noob,['https://rickandmortyapi.com/api/episode/25']
Numbericon,['https://rickandmortyapi.com/api/episode/16']
Octopus Man,['https://rickandmortyapi.com/api/episode/19']
Orthodox Jew,['https://rickandmortyapi.com/api/episode/16']
Pat Gueterman,['https://rickandmortyapi.com/api/episode/21']
Paul Fleishman,['https://rickandmortyapi.com/api/episode/13']
Pawnshop Clerk,['https://rickandmortyapi.com/api/episode/7']
Pencilvester,['https://rickandmortyapi.com/api/episode/15']
Phillip Jacobs,['https://rickandmortyapi.com/api/episode/19']
Photography Cyborg,['https://rickandmortyapi.com/api/episode/21']
Photography Raptor,['https://rickandmortyapi.com/api/episode/15']
Pibbles Bodyguard,['https://rickandmortyapi.com/api/episode/19']
Pichael Thompson,['https://rickandmortyapi.com/api/episode/19']
Pickle Rick,['https://rickandmortyapi.com/api/episode/24']
Piece of Toast,"['https://rickandmortyapi.com/api/episode/8', 'https://rickandmortyapi.com/api/episode/17']"
Plumber Rick,['https://rickandmortyapi.com/api/episode/28']
Poncho,['https://rickandmortyapi.com/api/episode/3']
Presidentress of The Mega Gargantuans,['https://rickandmortyapi.com/api/episode/31']
Prince Nebulon,['https://rickandmortyapi.com/api/episode/4']
Principal Vagina,"['https://rickandmortyapi.com/api/episode/1', 'https://rickandmortyapi.com/api/episode/5', 'https://rickandmortyapi.com/api/episode/6']"
Principal Vagina,"['https://rickandmortyapi.com/api/episode/9', 'https://rickandmortyapi.com/api/episode/16', 'https://rickandmortyapi.com/api/episode/18', 'https://rickandmortyapi.com/api/episode/24', 'https://rickandmortyapi.com/api/episode/27', 'https://rickandmortyapi.com/api/episode/29']"
Purge Planet Ruler,['https://rickandmortyapi.com/api/episode/20']
Quantum Rick,"['https://rickandmortyapi.com/api/episode/10', 'https://rickandmortyapi.com/api/episode/22', 'https://rickandmortyapi.com/api/episode/51']"
Randy Dicknose,['https://rickandmortyapi.com/api/episode/19']
Rat Boss,['https://rickandmortyapi.com/api/episode/24']
Real Fake Doors Salesman,['https://rickandmortyapi.com/api/episode/8']
Regional Manager Rick,['https://rickandmortyapi.com/api/episode/28']
Regular Legs,['https://rickandmortyapi.com/api/episode/8']
Reverse Giraffe,['https://rickandmortyapi.com/api/episode/15']
Reverse Rick Outrage,['https://rickandmortyapi.com/api/episode/28']
Revolio Clockberg Jr.,"['https://rickandmortyapi.com/api/episode/11', 'https://rickandmortyapi.com/api/episode/13', 'https://rickandmortyapi.com/api/episode/25']"
Rick D. Sanchez III,['https://rickandmortyapi.com/api/episode/28']
Rick Guilt Rick,['https://rickandmortyapi.com/api/episode/28']
Rick Prime,"['https://rickandmortyapi.com/api/episode/22', 'https://rickandmortyapi.com/api/episode/51']"
Rick D-99,['https://rickandmortyapi.com/api/episode/22']
Rick D716,['https://rickandmortyapi.com/api/episode/28']
Rick D716-B,['https://rickandmortyapi.com/api/episode/28']
Rick D716-C,['https://rickandmortyapi.com/api/episode/28']
Rick Sanchez,['https://rickandmortyapi.com/api/episode/10']
Rick J-22,['https://rickandmortyapi.com/api/episode/28']
Rick K-22,['https://rickandmortyapi.com/api/episode/28']
Rick Sanchez,['https://rickandmortyapi.com/api/episode/6']
Ricktiminus Sancheziminius,"['https://rickandmortyapi.com/api/episode/10', 'https://rickandmortyapi.com/api/episode/22', 'https://rickandmortyapi.com/api/episode/51']"
Riq IV,"['https://rickandmortyapi.com/api/episode/10', 'https://rickandmortyapi.com/api/episode/11', 'https://rickandmortyapi.com/api/episode/22']"
Risotto Groupon,['https://rickandmortyapi.com/api/episode/26']
Risotto's Tentacled Henchman,['https://rickandmortyapi.com/api/episode/26']
Robot Morty,['https://rickandmortyapi.com/api/episode/10']
Robot Rick,['https://rickandmortyapi.com/api/episode/10']
Roger,['https://rickandmortyapi.com/api/episode/3']
Ron Benson,['https://rickandmortyapi.com/api/episode/14']
Ruben,['https://rickandmortyapi.com/api/episode/3']
Samantha,['https://rickandmortyapi.com/api/episode/5']
Scary Brandon,['https://rickandmortyapi.com/api/episode/2']
Scary Glenn,['https://rickandmortyapi.com/api/episode/2']
Scary Terry,['https://rickandmortyapi.com/api/episode/2']
Scroopy Noopers,['https://rickandmortyapi.com/api/episode/9']
Scropon,"['https://rickandmortyapi.com/api/episode/11', 'https://rickandmortyapi.com/api/episode/21']"
Scrotian,"['https://rickandmortyapi.com/api/episode/13', 'https://rickandmortyapi.com/api/episode/16', 'https://rickandmortyapi.com/api/episode/21', 'https://rickandmortyapi.com/api/episode/25']"
Self-Congratulatory Jerry,['https://rickandmortyapi.com/api/episode/18']
Shimshamian,"['https://rickandmortyapi.com/api/episode/13', 'https://rickandmortyapi.com/api/episode/21', 'https://rickandmortyapi.com/api/episode/25']"
Shlaammi,['https://rickandmortyapi.com/api/episode/19']
Shleemypants,"['https://rickandmortyapi.com/api/episode/12', 'https://rickandmortyapi.com/api/episode/36']"
Shmlamantha Shmlicelli,['https://rickandmortyapi.com/api/episode/8']
Shmlangela Shmlobinson-Shmlower,['https://rickandmortyapi.com/api/episode/8']
Shmlona Shmlobinson,['https://rickandmortyapi.com/api/episode/8']
Shmlonathan Shmlower,['https://rickandmortyapi.com/api/episode/8']
Shmlony Shmlicelli,['https://rickandmortyapi.com/api/episode/8']
Shmooglite Runner,['https://rickandmortyapi.com/api/episode/26']
Shnoopy Bloopers,['https://rickandmortyapi.com/api/episode/26']
Shrimply Pibbles,['https://rickandmortyapi.com/api/episode/19']
Simple Rick,['https://rickandmortyapi.com/api/episode/28']
Slaveowner,['https://rickandmortyapi.com/api/episode/23']
Sleepy Gary,['https://rickandmortyapi.com/api/episode/15']
Slick Morty,['https://rickandmortyapi.com/api/episode/28']
Slippery Stair,"['https://rickandmortyapi.com/api/episode/5', 'https://rickandmortyapi.com/api/episode/11']"
Slow Mobius,['https://rickandmortyapi.com/api/episode/11']
Slow Rick,['https://rickandmortyapi.com/api/episode/28']
Snuffles (Snowball),"['https://rickandmortyapi.com/api/episode/2', 'https://rickandmortyapi.com/api/episode/7', 'https://rickandmortyapi.com/api/episode/10', 'https://rickandmortyapi.com/api/episode/15', 'https://rickandmortyapi.com/api/episode/16', 'https://rickandmortyapi.com/api/episode/24', 'https://rickandmortyapi.com/api/episode/29', 'https://rickandmortyapi.com/api/episode/30']"
Solicitor Rick,"['https://rickandmortyapi.com/api/episode/10', 'https://rickandmortyapi.com/api/episode/22']"
Squanchy,"['https://rickandmortyapi.com/api/episode/11', 'https://rickandmortyapi.com/api/episode/16', 'https://rickandmortyapi.com/api/episode/21']"
Stacy,['https://rickandmortyapi.com/api/episode/27']
Stair Goblin,"['https://rickandmortyapi.com/api/episode/5', 'https://rickandmortyapi.com/api/episode/11', 'https://rickandmortyapi.com/api/episode/25']"
Stealy,['https://rickandmortyapi.com/api/episode/19']
Steve,['https://rickandmortyapi.com/api/episode/31']
Steven Phillips,['https://rickandmortyapi.com/api/episode/14']
Stu,['https://rickandmortyapi.com/api/episode/4']
Summer Smith,"['https://rickandmortyapi.com/api/episode/1', 'https://rickandmortyapi.com/api/episode/2', 'https://rickandmortyapi.com/api/episode/3', 'https://rickandmortyapi.com/api/episode/4', 'https://rickandmortyapi.com/api/episode/5', 'https://rickandmortyapi.com/api/episode/6', 'https://rickandmortyapi.com/api/episode/22']"
Summer Smith,['https://rickandmortyapi.com/api/episode/10']
Supernova,['https://rickandmortyapi.com/api/episode/25']
Taddy Mason,['https://rickandmortyapi.com/api/episode/20']
Taint Washer,['https://rickandmortyapi.com/api/episode/23']
Tammy Guetermann,"['https://rickandmortyapi.com/api/episode/5', 'https://rickandmortyapi.com/api/episode/6']"
Tammy Guetermann,"['https://rickandmortyapi.com/api/episode/11', 'https://rickandmortyapi.com/api/episode/16', 'https://rickandmortyapi.com/api/episode/21', 'https://rickandmortyapi.com/api/episode/22', 'https://rickandmortyapi.com/api/episode/41']"
Teacher Rick,['https://rickandmortyapi.com/api/episode/28']
Terry,['https://rickandmortyapi.com/api/episode/16']
President Curtis,"['https://rickandmortyapi.com/api/episode/16', 'https://rickandmortyapi.com/api/episode/31', 'https://rickandmortyapi.com/api/episode/43', 'https://rickandmortyapi.com/api/episode/45', 'https://rickandmortyapi.com/api/episode/47']"
The President of the Miniverse,['https://rickandmortyapi.com/api/episode/17']
The Scientist Formerly Known as Rick,['https://rickandmortyapi.com/api/episode/10']
Thomas Lipkip,['https://rickandmortyapi.com/api/episode/30']
Three Unknown Things,['https://rickandmortyapi.com/api/episode/8']
Tinkles,['https://rickandmortyapi.com/api/episode/15']
Tiny Rick,['https://rickandmortyapi.com/api/episode/18']
Toby Matthews,['https://rickandmortyapi.com/api/episode/18']
Todd Crystal,['https://rickandmortyapi.com/api/episode/14']
Tom Randolph,['https://rickandmortyapi.com/api/episode/3']
Tommy's Clone,['https://rickandmortyapi.com/api/episode/30']
Tophat Jones,"['https://rickandmortyapi.com/api/episode/8', 'https://rickandmortyapi.com/api/episode/18', 'https://rickandmortyapi.com/api/episode/21']"
Tortured Morty,['https://rickandmortyapi.com/api/episode/10']
Toxic Morty,['https://rickandmortyapi.com/api/episode/27']
Toxic Rick,['https://rickandmortyapi.com/api/episode/27']
Traflorkian,"['https://rickandmortyapi.com/api/episode/11', 'https://rickandmortyapi.com/api/episode/13', 'https://rickandmortyapi.com/api/episode/19', 'https://rickandmortyapi.com/api/episode/21', 'https://rickandmortyapi.com/api/episode/25']"
Trandor,['https://rickandmortyapi.com/api/episode/30']
Tree Person,['https://rickandmortyapi.com/api/episode/17']
Tricia Lange,"['https://rickandmortyapi.com/api/episode/26', 'https://rickandmortyapi.com/api/episode/27', 'https://rickandmortyapi.com/api/episode/36', 'https://rickandmortyapi.com/api/episode/38', 'https://rickandmortyapi.com/api/episode/46']"
Trunk Morty,['https://rickandmortyapi.com/api/episode/28']
Trunk Man,"['https://rickandmortyapi.com/api/episode/8', 'https://rickandmortyapi.com/api/episode/28']"
Truth Tortoise,['https://rickandmortyapi.com/api/episode/29']
Tusked Assassin,['https://rickandmortyapi.com/api/episode/26']
Two Guys with Handlebar Mustaches,['https://rickandmortyapi.com/api/episode/8']
Tumblorkian,['https://rickandmortyapi.com/api/episode/19']
Unity,['https://rickandmortyapi.com/api/episode/14']
Unmuscular Michael,['https://rickandmortyapi.com/api/episode/8']
Vampire Master,['https://rickandmortyapi.com/api/episode/18']
Vance Maximus,['https://rickandmortyapi.com/api/episode/25']
Veronica Ann Bennet,['https://rickandmortyapi.com/api/episode/7']
Voltematron,['https://rickandmortyapi.com/api/episode/29']
Wall Crawling Rick,['https://rickandmortyapi.com/api/episode/22']
Wedding Bartender,['https://rickandmortyapi.com/api/episode/21']
Unknown Rick,"['https://rickandmortyapi.com/api/episode/22', 'https://rickandmortyapi.com/api/episode/51']"
Woman Rick,['https://rickandmortyapi.com/api/episode/10']
Worldender,['https://rickandmortyapi.com/api/episode/25']
Yaarb,['https://rickandmortyapi.com/api/episode/19']
Yellow Headed Doctor,['https://rickandmortyapi.com/api/episode/19']
Yellow Shirt Rick,['https://rickandmortyapi.com/api/episode/22']
Zarbadar Gloonch,"['https://rickandmortyapi.com/api/episode/13', 'https://rickandmortyapi.com/api/episode/18']"
Zarbadar's Mytholog,['https://rickandmortyapi.com/api/episode/18']
Zeep Xanflorp,['https://rickandmortyapi.com/api/episode/17']
Zeta Alpha Rick,"['https://rickandmortyapi.com/api/episode/10', 'https://rickandmortyapi.com/api/episode/11', 'https://rickandmortyapi.com/api/episode/22', 'https://rickandmortyapi.com/api/episode/51']"
Zick Zack,['https://rickandmortyapi.com/api/episode/29']
Uncle Steve,['https://rickandmortyapi.com/api/episode/15']
Bearded Morty,"['https://rickandmortyapi.com/api/episode/28', 'https://rickandmortyapi.com/api/episode/51']"
Roy,['https://rickandmortyapi.com/api/episode/13']
Davin,"['https://rickandmortyapi.com/api/episode/1', 'https://rickandmortyapi.com/api/episode/6']"
Greebybobe,"['https://rickandmortyapi.com/api/episode/1', 'https://rickandmortyapi.com/api/episode/11', 'https://rickandmortyapi.com/api/episode/16', 'https://rickandmortyapi.com/api/episode/25']"
Scary Teacher,['https://rickandmortyapi.com/api/episode/2']
Fido,['https://rickandmortyapi.com/api/episode/2']
Accountant dog,['https://rickandmortyapi.com/api/episode/2']
Tiny-persons advocacy group lawyer,['https://rickandmortyapi.com/api/episode/5']
Giant Judge,['https://rickandmortyapi.com/api/episode/5']
Morty Jr's interviewer,['https://rickandmortyapi.com/api/episode/7']
Guy from The Bachelor,['https://rickandmortyapi.com/api/episode/8']
Corn detective,['https://rickandmortyapi.com/api/episode/8']
Michael Jackson,['https://rickandmortyapi.com/api/episode/8']
Trunkphobic suspenders guy,"['https://rickandmortyapi.com/api/episode/2', 'https://rickandmortyapi.com/api/episode/8', 'https://rickandmortyapi.com/api/episode/10', 'https://rickandmortyapi.com/api/episode/11']"
Spiderweb teddy bear,['https://rickandmortyapi.com/api/episode/8']
Regular Tyrion Lannister,['https://rickandmortyapi.com/api/episode/8']
Quick Mystery Presenter,['https://rickandmortyapi.com/api/episode/8']
Mr. Sneezy,['https://rickandmortyapi.com/api/episode/8']
Two Brothers,['https://rickandmortyapi.com/api/episode/8']
Alien Mexican Armada,['https://rickandmortyapi.com/api/episode/8']
Giant Cat Monster,['https://rickandmortyapi.com/api/episode/8']
Old Women,['https://rickandmortyapi.com/api/episode/8']
Trunkphobic guy,['https://rickandmortyapi.com/api/episode/8']
Pro trunk people marriage guy,['https://rickandmortyapi.com/api/episode/8']
Muscular Mannie,['https://rickandmortyapi.com/api/episode/8']
Baby Legs Chief,['https://rickandmortyapi.com/api/episode/8']
Mrs. Sullivan's Boyfriend,['https://rickandmortyapi.com/api/episode/8']
Plutonian Hostess,['https://rickandmortyapi.com/api/episode/9']
Plutonian Host,['https://rickandmortyapi.com/api/episode/9']
Rich Plutonian,['https://rickandmortyapi.com/api/episode/9']
Rich Plutonian,['https://rickandmortyapi.com/api/episode/9']
Synthetic Laser Eels,['https://rickandmortyapi.com/api/episode/11']
Pizza-person,['https://rickandmortyapi.com/api/episode/10']
Pizza-person,['https://rickandmortyapi.com/api/episode/10']
Greasy Grandma,['https://rickandmortyapi.com/api/episode/10']
Phone-person,['https://rickandmortyapi.com/api/episode/10']
Phone-person,['https://rickandmortyapi.com/api/episode/10']
Chair-person,['https://rickandmortyapi.com/api/episode/10']
Chair-person,['https://rickandmortyapi.com/api/episode/10']
Chair-homeless,['https://rickandmortyapi.com/api/episode/10']
Chair-waiter,['https://rickandmortyapi.com/api/episode/10']
Doopidoo,['https://rickandmortyapi.com/api/episode/10']
Super Weird Rick,['https://rickandmortyapi.com/api/episode/10']
Pripudlian,"['https://rickandmortyapi.com/api/episode/1', 'https://rickandmortyapi.com/api/episode/11', 'https://rickandmortyapi.com/api/episode/19', 'https://rickandmortyapi.com/api/episode/25']"
Giant Testicle Monster,"['https://rickandmortyapi.com/api/episode/11', 'https://rickandmortyapi.com/api/episode/13']"
Michael,['https://rickandmortyapi.com/api/episode/12']
Michael's Lawyer,['https://rickandmortyapi.com/api/episode/12']
Veterinary,['https://rickandmortyapi.com/api/episode/12']
Veterinary Nurse,['https://rickandmortyapi.com/api/episode/12']
Bearded Jerry,['https://rickandmortyapi.com/api/episode/13']
Shaved Head Jerry,['https://rickandmortyapi.com/api/episode/13']
Tank Top Jerry,['https://rickandmortyapi.com/api/episode/13']
Pink Polo Shirt Jerry,['https://rickandmortyapi.com/api/episode/13']
Jerryboree Keeper,['https://rickandmortyapi.com/api/episode/13']
Jerryboree Receptionist,['https://rickandmortyapi.com/api/episode/13']
Anchor Gear,['https://rickandmortyapi.com/api/episode/13']
Gear Cop,['https://rickandmortyapi.com/api/episode/13']
Roy's Mum,['https://rickandmortyapi.com/api/episode/13']
Roy's Wife,['https://rickandmortyapi.com/api/episode/13']
Roy's Son,['https://rickandmortyapi.com/api/episode/13']
Simon,['https://rickandmortyapi.com/api/episode/16']
Vampire Master's Assistant,['https://rickandmortyapi.com/api/episode/18']
Arbolian Mentirososian,"['https://rickandmortyapi.com/api/episode/16', 'https://rickandmortyapi.com/api/episode/19', 'https://rickandmortyapi.com/api/episode/21']"
St. Gloopy Noops Nurse,['https://rickandmortyapi.com/api/episode/19']
Nano Doctor,['https://rickandmortyapi.com/api/episode/19']
Funny Songs Presenter,['https://rickandmortyapi.com/api/episode/19']
Tax Attorney,['https://rickandmortyapi.com/api/episode/19']
Butthole Ice Cream Guy,['https://rickandmortyapi.com/api/episode/19']
Traflorkian Journalist,['https://rickandmortyapi.com/api/episode/19']
Communication's Responsible Rick,['https://rickandmortyapi.com/api/episode/22']
Teleportation's Responsible Rick,['https://rickandmortyapi.com/api/episode/22']
SEAL Team Rick,['https://rickandmortyapi.com/api/episode/22']
SEAL Team Rick,['https://rickandmortyapi.com/api/episode/22']
SEAL Team Rick,['https://rickandmortyapi.com/api/episode/22']
SEAL Team Rick,['https://rickandmortyapi.com/api/episode/22']
Morphizer-XE Customer Support,['https://rickandmortyapi.com/api/episode/26']
Morphizer-XE Customer Support,['https://rickandmortyapi.com/api/episode/26']
Morphizer-XE Customer Support,['https://rickandmortyapi.com/api/episode/26']
Alien Spa Employee,['https://rickandmortyapi.com/api/episode/27']
Little Voltron,['https://rickandmortyapi.com/api/episode/27']
Baby Rick,['https://rickandmortyapi.com/api/episode/28']
Bartender Morty,['https://rickandmortyapi.com/api/episode/28']
Dancer Cowboy Morty,['https://rickandmortyapi.com/api/episode/28']
Dancer Morty,['https://rickandmortyapi.com/api/episode/28']
Flower Morty,['https://rickandmortyapi.com/api/episode/28']
Hairdresser Rick,['https://rickandmortyapi.com/api/episode/28']
Journalist Rick,['https://rickandmortyapi.com/api/episode/28']
Private Sector Rick,['https://rickandmortyapi.com/api/episode/28']
Purple Morty,['https://rickandmortyapi.com/api/episode/28']
Retired General Rick,['https://rickandmortyapi.com/api/episode/28']
Secret Service Rick,['https://rickandmortyapi.com/api/episode/28']
Steve Jobs Rick,['https://rickandmortyapi.com/api/episode/28']
Sheik Rick,['https://rickandmortyapi.com/api/episode/28']
Modern Rick,['https://rickandmortyapi.com/api/episode/28']
Tan Rick,['https://rickandmortyapi.com/api/episode/28']
Visor Rick,['https://rickandmortyapi.com/api/episode/28']
Colonial Rick,['https://rickandmortyapi.com/api/episode/28']
P-Coat Rick,['https://rickandmortyapi.com/api/episode/28']
Chang,['https://rickandmortyapi.com/api/episode/29']
Dr. Eleanor Arroway,['https://rickandmortyapi.com/api/episode/29']
Varrix,['https://rickandmortyapi.com/api/episode/30']
Secretary of the Interior,['https://rickandmortyapi.com/api/episode/31']
Crystal Poacher,['https://rickandmortyapi.com/api/episode/32']
Crystal Poacher,['https://rickandmortyapi.com/api/episode/32']
Crystal Poacher,['https://rickandmortyapi.com/api/episode/32']
Hologram Rick,['https://rickandmortyapi.com/api/episode/32']
Fascist Rick,['https://rickandmortyapi.com/api/episode/32']
Fascist Morty,['https://rickandmortyapi.com/api/episode/32']
Fascist Mr. President,['https://rickandmortyapi.com/api/episode/32']
Fascist Ricks Clone,['https://rickandmortyapi.com/api/episode/32']
Revolio Clockberg Jr.,['https://rickandmortyapi.com/api/episode/32']
Fascist Shrimp Rick,['https://rickandmortyapi.com/api/episode/32']
Fascist Shrimp Ricks Clone,['https://rickandmortyapi.com/api/episode/32']
Fascist Shrimp Morty,['https://rickandmortyapi.com/api/episode/32']
Fascist Shrimp SS,['https://rickandmortyapi.com/api/episode/32']
Fascist Teddy Bear Rick,['https://rickandmortyapi.com/api/episode/32']
Fascist Teddy Bear Ricks Clone,['https://rickandmortyapi.com/api/episode/32']
Bully,['https://rickandmortyapi.com/api/episode/32']
Anchorman,['https://rickandmortyapi.com/api/episode/32']
Anchorwoman,['https://rickandmortyapi.com/api/episode/32']
Mortys Lawyer,['https://rickandmortyapi.com/api/episode/32']
Judge,['https://rickandmortyapi.com/api/episode/32']
Public Opinion Judge,['https://rickandmortyapi.com/api/episode/32']
Caterpillar Mr. Goldenfold,['https://rickandmortyapi.com/api/episode/32']
Wasp Rick,['https://rickandmortyapi.com/api/episode/32']
Wasp Ricks Clone,['https://rickandmortyapi.com/api/episode/32']
Wasp Morty,['https://rickandmortyapi.com/api/episode/32']
Wasp Summer,['https://rickandmortyapi.com/api/episode/32']
Wasp Jerry,['https://rickandmortyapi.com/api/episode/32']
Wasp Beth,['https://rickandmortyapi.com/api/episode/32']
Caterpillar Mr. Goldenfolds Larvae,['https://rickandmortyapi.com/api/episode/32']
Boglin,['https://rickandmortyapi.com/api/episode/32']
Kirkland Brand Mr. Meeseeks,['https://rickandmortyapi.com/api/episode/32']
Glootie,['https://rickandmortyapi.com/api/episode/33']
Danny Publitz,['https://rickandmortyapi.com/api/episode/33']
Mothership Intern,['https://rickandmortyapi.com/api/episode/33']
Monogatron Leader,['https://rickandmortyapi.com/api/episode/33']
Lizard,['https://rickandmortyapi.com/api/episode/33']
Deliverance,['https://rickandmortyapi.com/api/episode/33']
Tony,['https://rickandmortyapi.com/api/episode/33']
Tonys Wife,['https://rickandmortyapi.com/api/episode/33']
Monogatron Queen,['https://rickandmortyapi.com/api/episode/33']
Tony's Dad,['https://rickandmortyapi.com/api/episode/33']
Jeff,['https://rickandmortyapi.com/api/episode/33']
Josiah,['https://rickandmortyapi.com/api/episode/33']
Maggie,['https://rickandmortyapi.com/api/episode/33']
Priest Witherspoon,['https://rickandmortyapi.com/api/episode/33']
Richard,['https://rickandmortyapi.com/api/episode/33']
Running Bird,['https://rickandmortyapi.com/api/episode/33']
Secretary at Tony's,['https://rickandmortyapi.com/api/episode/33']
Mountain Sweat Jerry,['https://rickandmortyapi.com/api/episode/33']
Vermigurber,['https://rickandmortyapi.com/api/episode/33']
Miles Knightly,['https://rickandmortyapi.com/api/episode/34']
Heist-Con Receptionist,['https://rickandmortyapi.com/api/episode/34']
Angie Flint,['https://rickandmortyapi.com/api/episode/34']
Glar,['https://rickandmortyapi.com/api/episode/34']
Truckula,['https://rickandmortyapi.com/api/episode/34']
Snake Arms,['https://rickandmortyapi.com/api/episode/34']
Double Microwawe,['https://rickandmortyapi.com/api/episode/34']
Monitor Lord,['https://rickandmortyapi.com/api/episode/34']
Key Catcher,['https://rickandmortyapi.com/api/episode/34']
The Shapeshiftress,['https://rickandmortyapi.com/api/episode/34']
Heistotron,['https://rickandmortyapi.com/api/episode/34']
Randotron,['https://rickandmortyapi.com/api/episode/34']
Hephaestus,['https://rickandmortyapi.com/api/episode/34']
Ventriloquiver,['https://rickandmortyapi.com/api/episode/34']
Elon Tusk,['https://rickandmortyapi.com/api/episode/34']
Gramuflackian Anchorman,['https://rickandmortyapi.com/api/episode/34']
Gramuflackian General,['https://rickandmortyapi.com/api/episode/34']
Netflix Executive,['https://rickandmortyapi.com/api/episode/34']
Balthromaw,['https://rickandmortyapi.com/api/episode/35']
The Wizard,['https://rickandmortyapi.com/api/episode/35']
Talking Cat,['https://rickandmortyapi.com/api/episode/35']
Debrah,['https://rickandmortyapi.com/api/episode/35']
Debrahs Partner,['https://rickandmortyapi.com/api/episode/35']
Michael,['https://rickandmortyapi.com/api/episode/35']
Slut Dragon,['https://rickandmortyapi.com/api/episode/35']
Shadow Jacker,['https://rickandmortyapi.com/api/episode/35']
Chachi,['https://rickandmortyapi.com/api/episode/35']
Slippy,['https://rickandmortyapi.com/api/episode/36']
Robot Snake,['https://rickandmortyapi.com/api/episode/36']
Snake Hitler,['https://rickandmortyapi.com/api/episode/36']
Snake Lincoln,['https://rickandmortyapi.com/api/episode/36']
Snake Resistance Robot,['https://rickandmortyapi.com/api/episode/36']
Snake Linguist,['https://rickandmortyapi.com/api/episode/36']
Snake Terminator,['https://rickandmortyapi.com/api/episode/36']
Snake Soldier,['https://rickandmortyapi.com/api/episode/36']
Snake with Legs,['https://rickandmortyapi.com/api/episode/36']
Secret Service Snake,['https://rickandmortyapi.com/api/episode/36']
Anchosnake,['https://rickandmortyapi.com/api/episode/36']
Anchosnake,['https://rickandmortyapi.com/api/episode/36']
80's snake,['https://rickandmortyapi.com/api/episode/36']
Bar Customer,['https://rickandmortyapi.com/api/episode/36']
Bartender,['https://rickandmortyapi.com/api/episode/36']
PC Basketball Player,['https://rickandmortyapi.com/api/episode/36']
Cavesnake,['https://rickandmortyapi.com/api/episode/36']
Pet Shop Employee,['https://rickandmortyapi.com/api/episode/36']
Snake Reporter,['https://rickandmortyapi.com/api/episode/36']
High Pilot,['https://rickandmortyapi.com/api/episode/36']
High Pilot,['https://rickandmortyapi.com/api/episode/36']
Phoenixperson,"['https://rickandmortyapi.com/api/episode/22', 'https://rickandmortyapi.com/api/episode/41', 'https://rickandmortyapi.com/api/episode/49']"
Tickets Please Guy,['https://rickandmortyapi.com/api/episode/37']
Floaty Bloody Man,['https://rickandmortyapi.com/api/episode/37']
Floaty Non-Gasm Brotherhood Member,['https://rickandmortyapi.com/api/episode/37']
Floaty Non-Gasm Brotherhood Member Friend,['https://rickandmortyapi.com/api/episode/37']
Abradolf Lincler,['https://rickandmortyapi.com/api/episode/37']
Biblesaurus,['https://rickandmortyapi.com/api/episode/37']
Birdperson,['https://rickandmortyapi.com/api/episode/37']
Cats Fan,['https://rickandmortyapi.com/api/episode/37']
Christmas Storyteller,['https://rickandmortyapi.com/api/episode/37']
Cookies Guy,['https://rickandmortyapi.com/api/episode/37']
Crossy,['https://rickandmortyapi.com/api/episode/37']
Female Scorpion,['https://rickandmortyapi.com/api/episode/37']
Floaty Bloody Mans Daughter,['https://rickandmortyapi.com/api/episode/37']
Goomby,['https://rickandmortyapi.com/api/episode/37']
Hairspray Fan,['https://rickandmortyapi.com/api/episode/37']
Jesus Christ,['https://rickandmortyapi.com/api/episode/37']
Josh,['https://rickandmortyapi.com/api/episode/37']
Josh's Sister,['https://rickandmortyapi.com/api/episode/37']
Leah,['https://rickandmortyapi.com/api/episode/37']
Marcus,['https://rickandmortyapi.com/api/episode/37']
Mike Johnson,['https://rickandmortyapi.com/api/episode/37']
Mr. Celery & Friends,['https://rickandmortyapi.com/api/episode/37']
Musical Fan,['https://rickandmortyapi.com/api/episode/37']
Phantom of the Opera Fan,['https://rickandmortyapi.com/api/episode/37']
Phoenixperson,['https://rickandmortyapi.com/api/episode/37']
Private Smith,['https://rickandmortyapi.com/api/episode/37']
Professor Sanchez,['https://rickandmortyapi.com/api/episode/37']
Ramamama Lord,['https://rickandmortyapi.com/api/episode/37']
Ruth Bader Ginsburg,['https://rickandmortyapi.com/api/episode/37']
Sarge,['https://rickandmortyapi.com/api/episode/37']
Shrek The Musical Fan,['https://rickandmortyapi.com/api/episode/37']
Snuffles,['https://rickandmortyapi.com/api/episode/37']
Storylord,['https://rickandmortyapi.com/api/episode/37']
Tammy Guetermann,['https://rickandmortyapi.com/api/episode/37']
The Concept of Time,['https://rickandmortyapi.com/api/episode/37']
Beth Smith,['https://rickandmortyapi.com/api/episode/37']
Summer Smith,['https://rickandmortyapi.com/api/episode/37']
Morty Smith,['https://rickandmortyapi.com/api/episode/37']
Rick Sanchez,['https://rickandmortyapi.com/api/episode/37']
Train Cop,['https://rickandmortyapi.com/api/episode/37']
Train Cops,['https://rickandmortyapi.com/api/episode/37']
Train Cops Instructor,['https://rickandmortyapi.com/api/episode/37']
Darth Poopybutthole,['https://rickandmortyapi.com/api/episode/37']
Evil Morty,['https://rickandmortyapi.com/api/episode/37']
Mortys Disguise,['https://rickandmortyapi.com/api/episode/37']
Ricks Disguise,['https://rickandmortyapi.com/api/episode/37']
Uncle Nibbles,['https://rickandmortyapi.com/api/episode/37']
Angry Glorzo,['https://rickandmortyapi.com/api/episode/38']
Bruce,['https://rickandmortyapi.com/api/episode/38']
Council of Glorzos Member,['https://rickandmortyapi.com/api/episode/38']
Council of Glorzos Member,['https://rickandmortyapi.com/api/episode/38']
Old Glorzo,['https://rickandmortyapi.com/api/episode/38']
Shane,['https://rickandmortyapi.com/api/episode/38']
Steve,['https://rickandmortyapi.com/api/episode/38']
Troy,['https://rickandmortyapi.com/api/episode/38']
Crystal Dealers Boss,['https://rickandmortyapi.com/api/episode/39']
Crystal Dealer,['https://rickandmortyapi.com/api/episode/39']
Crystal Dealer,['https://rickandmortyapi.com/api/episode/39']
Crystal Dealer,['https://rickandmortyapi.com/api/episode/39']
SWAT Officer,['https://rickandmortyapi.com/api/episode/39']
Plane Crash Survivor,['https://rickandmortyapi.com/api/episode/39']
Plane Crash Survivor,['https://rickandmortyapi.com/api/episode/39']
Heroine Keith,['https://rickandmortyapi.com/api/episode/39']
Impervious to Acid SWAT Officer,['https://rickandmortyapi.com/api/episode/39']
Johnny Carson,['https://rickandmortyapi.com/api/episode/39']
Sonia Sotomayor,['https://rickandmortyapi.com/api/episode/39']
Mortys Father-in-law,['https://rickandmortyapi.com/api/episode/39']
Mortys Mother-in-law,['https://rickandmortyapi.com/api/episode/39']
Mortys Girlfriend,['https://rickandmortyapi.com/api/episode/39']
Gaia,['https://rickandmortyapi.com/api/episode/40']
Reggie,['https://rickandmortyapi.com/api/episode/40']
Ticktock,['https://rickandmortyapi.com/api/episode/40']
Florflock,['https://rickandmortyapi.com/api/episode/40']
Squeeb,['https://rickandmortyapi.com/api/episode/40']
Defiance Beth,"['https://rickandmortyapi.com/api/episode/41', 'https://rickandmortyapi.com/api/episode/43']"
Defiance Squanchette,['https://rickandmortyapi.com/api/episode/41']
Defiance Doctor,['https://rickandmortyapi.com/api/episode/41']
New Improved Galactic Federation Guard,['https://rickandmortyapi.com/api/episode/41']
New Improved Galactic Federation Guard,['https://rickandmortyapi.com/api/episode/41']
Mr. Nimbus,['https://rickandmortyapi.com/api/episode/42']
Hoovy,['https://rickandmortyapi.com/api/episode/42']
Bova,['https://rickandmortyapi.com/api/episode/42']
Japheth,['https://rickandmortyapi.com/api/episode/42']
Japheth's Middle Son,['https://rickandmortyapi.com/api/episode/42']
Japheth's Eldest Son,['https://rickandmortyapi.com/api/episode/42']
Japheth's Youngest Son,['https://rickandmortyapi.com/api/episode/42']
Japheth's Grandson,['https://rickandmortyapi.com/api/episode/42']
Adam,['https://rickandmortyapi.com/api/episode/42']
Adam's Mother,['https://rickandmortyapi.com/api/episode/42']
Warlock,['https://rickandmortyapi.com/api/episode/42']
Evolved Narnian,['https://rickandmortyapi.com/api/episode/42']
Mr. Nimbus Secretary,['https://rickandmortyapi.com/api/episode/42']
Evolved Narnian Disguised as Morty,['https://rickandmortyapi.com/api/episode/42']
Mr. Nimbus' Squid,['https://rickandmortyapi.com/api/episode/42']
Scarecrow Rick,['https://rickandmortyapi.com/api/episode/43']
Scarecrow Summer,['https://rickandmortyapi.com/api/episode/43']
Scarecrow Jerry,['https://rickandmortyapi.com/api/episode/43']
Scarecrow Morty,['https://rickandmortyapi.com/api/episode/43']
Scarecrow Beth,['https://rickandmortyapi.com/api/episode/43']
Glockenspiel Jerry,['https://rickandmortyapi.com/api/episode/43']
Glockenspiel Beth,['https://rickandmortyapi.com/api/episode/43']
Glockenspiel Rick,['https://rickandmortyapi.com/api/episode/43']
Glockenspiel Summer,['https://rickandmortyapi.com/api/episode/43']
Glockenspiel Morty,['https://rickandmortyapi.com/api/episode/43']
Wicker Beth,['https://rickandmortyapi.com/api/episode/43']
Wicker Rick,['https://rickandmortyapi.com/api/episode/43']
Wicker Morty,['https://rickandmortyapi.com/api/episode/43']
Wicker Summer,['https://rickandmortyapi.com/api/episode/43']
Metal Rick,['https://rickandmortyapi.com/api/episode/43']
Gun Brain Rick,['https://rickandmortyapi.com/api/episode/43']
Mr. Always Wants to be Hunted,['https://rickandmortyapi.com/api/episode/43']
Squid Costume Beth,['https://rickandmortyapi.com/api/episode/43']
Squid Costume Jerry,['https://rickandmortyapi.com/api/episode/43']
Squid Costume Morty,['https://rickandmortyapi.com/api/episode/43']
Squid Costume Rick,['https://rickandmortyapi.com/api/episode/43']
Squid Costume Summer,['https://rickandmortyapi.com/api/episode/43']
Dracula,['https://rickandmortyapi.com/api/episode/43']
Steve,['https://rickandmortyapi.com/api/episode/43']
When Wolf,['https://rickandmortyapi.com/api/episode/43']
Too Cute to Murder Beth,['https://rickandmortyapi.com/api/episode/43']
Too Cute to Murder Rick,['https://rickandmortyapi.com/api/episode/43']
Too Cute to Murder Jerry,['https://rickandmortyapi.com/api/episode/43']
Too Cute to Murder Morty,['https://rickandmortyapi.com/api/episode/43']
Too Cute to Murder Summer,['https://rickandmortyapi.com/api/episode/43']
Planetina,['https://rickandmortyapi.com/api/episode/44']
Daphne,['https://rickandmortyapi.com/api/episode/44']
Diesel Weasel,['https://rickandmortyapi.com/api/episode/44']
Eddie,['https://rickandmortyapi.com/api/episode/44']
Xing Ho,['https://rickandmortyapi.com/api/episode/44']
Air Tina-Teer,['https://rickandmortyapi.com/api/episode/44']
Water Tina-Teer,['https://rickandmortyapi.com/api/episode/44']
Planetina Buyer,['https://rickandmortyapi.com/api/episode/44']
Tony Galopagus,['https://rickandmortyapi.com/api/episode/44']
Sticky,['https://rickandmortyapi.com/api/episode/45']
Professor Shabooboo,['https://rickandmortyapi.com/api/episode/45']
Sperm Queen,['https://rickandmortyapi.com/api/episode/45']
CHUD King,['https://rickandmortyapi.com/api/episode/45']
Princess Ponietta,['https://rickandmortyapi.com/api/episode/45']
Naruto Smith,"['https://rickandmortyapi.com/api/episode/45', 'https://rickandmortyapi.com/api/episode/48']"
Blazen,['https://rickandmortyapi.com/api/episode/45']
Kathy Ireland,['https://rickandmortyapi.com/api/episode/45']
Amazing Johnathan,['https://rickandmortyapi.com/api/episode/45']
Foal Sanchez,['https://rickandmortyapi.com/api/episode/45']
Spaceman,['https://rickandmortyapi.com/api/episode/45']
Cirque du Soleil Zumanity Member,['https://rickandmortyapi.com/api/episode/45']
Cirque du Soleil Zumanity Member,['https://rickandmortyapi.com/api/episode/45']
Cirque du Soleil Zumanity Member,['https://rickandmortyapi.com/api/episode/45']
Cirque du Soleil Zumanity Member,['https://rickandmortyapi.com/api/episode/45']
Cirque du Soleil Zumanity Member,['https://rickandmortyapi.com/api/episode/45']
Bruce Chutback,['https://rickandmortyapi.com/api/episode/46']
Alyson Hannigan,['https://rickandmortyapi.com/api/episode/46']
Cenobite,['https://rickandmortyapi.com/api/episode/46']
Cenobite,['https://rickandmortyapi.com/api/episode/46']
Cenobite,['https://rickandmortyapi.com/api/episode/46']
Cenobite,['https://rickandmortyapi.com/api/episode/46']
Cenobite,['https://rickandmortyapi.com/api/episode/46']
Coat Rack Head,['https://rickandmortyapi.com/api/episode/46']
Mousetrap Nipples,['https://rickandmortyapi.com/api/episode/46']
Changeformer,['https://rickandmortyapi.com/api/episode/46']
Changeformer,['https://rickandmortyapi.com/api/episode/46']
Space Cruiser,"['https://rickandmortyapi.com/api/episode/17', 'https://rickandmortyapi.com/api/episode/47']"
Coop,['https://rickandmortyapi.com/api/episode/47']
Dwayne,['https://rickandmortyapi.com/api/episode/47']
Franklin D. Roosevelt,['https://rickandmortyapi.com/api/episode/47']
President's General,"['https://rickandmortyapi.com/api/episode/45', 'https://rickandmortyapi.com/api/episode/47']"
Giant Assassin Hidden in the Statue of Liberty,['https://rickandmortyapi.com/api/episode/47']
Turkey Morty,['https://rickandmortyapi.com/api/episode/47']
Turkey Rick,['https://rickandmortyapi.com/api/episode/47']
Turkey President Curtis,['https://rickandmortyapi.com/api/episode/47']
Martnez,['https://rickandmortyapi.com/api/episode/47']
Marvin,['https://rickandmortyapi.com/api/episode/47']
Jackey,['https://rickandmortyapi.com/api/episode/47']
Native Alien,['https://rickandmortyapi.com/api/episode/47']
Pilgrim Alien,['https://rickandmortyapi.com/api/episode/47']
President Turkey,['https://rickandmortyapi.com/api/episode/47']
Mary-Lou,['https://rickandmortyapi.com/api/episode/47']
Big Fat rick,['https://rickandmortyapi.com/api/episode/48']
Hothead Rick,['https://rickandmortyapi.com/api/episode/48']
Ricardo Montoya,['https://rickandmortyapi.com/api/episode/48']
Wrap-it-up Little Rick,['https://rickandmortyapi.com/api/episode/48']
Yo-yo Rick,['https://rickandmortyapi.com/api/episode/48']
Voiceoverian,['https://rickandmortyapi.com/api/episode/48']
Voiceoverian,['https://rickandmortyapi.com/api/episode/48']
Gotron Pilot,['https://rickandmortyapi.com/api/episode/48']
Gotron Pilot,['https://rickandmortyapi.com/api/episode/48']
Gotron Pilot,['https://rickandmortyapi.com/api/episode/48']
Young Memory Rick,['https://rickandmortyapi.com/api/episode/49']
Memory Tammy,['https://rickandmortyapi.com/api/episode/49']
Rick's Garage,['https://rickandmortyapi.com/api/episode/49']
Memory Squanchy,['https://rickandmortyapi.com/api/episode/49']
Memory Rick,['https://rickandmortyapi.com/api/episode/49']
Memory Rick,['https://rickandmortyapi.com/api/episode/49']
Memory Geardude,['https://rickandmortyapi.com/api/episode/49']
Birdperson & Tammy's Child,['https://rickandmortyapi.com/api/episode/49']
Two Crows,"['https://rickandmortyapi.com/api/episode/50', 'https://rickandmortyapi.com/api/episode/51']"
Mr. Cookie President,['https://rickandmortyapi.com/api/episode/50']
Nick,['https://rickandmortyapi.com/api/episode/50']
Harold (Garbage Goober),['https://rickandmortyapi.com/api/episode/50']
Harold's Wife,['https://rickandmortyapi.com/api/episode/50']
Alien Crow,['https://rickandmortyapi.com/api/episode/50']
Alien Crow,['https://rickandmortyapi.com/api/episode/50']
Samansky,['https://rickandmortyapi.com/api/episode/48']
Palicki,['https://rickandmortyapi.com/api/episode/48']
Sarge,['https://rickandmortyapi.com/api/episode/48']
Slartivartian,['https://rickandmortyapi.com/api/episode/44']
Ferkusian,['https://rickandmortyapi.com/api/episode/44']
Morglutzian,['https://rickandmortyapi.com/api/episode/44']
Super Turkey,['https://rickandmortyapi.com/api/episode/47']
7+7 Years Old Morty,['https://rickandmortyapi.com/api/episode/51']
26 Years Old Morty,['https://rickandmortyapi.com/api/episode/51']
40 Years Old Morty,['https://rickandmortyapi.com/api/episode/51']
Andy,['https://rickandmortyapi.com/api/episode/51']
Baby Mouse Skin Morty,['https://rickandmortyapi.com/api/episode/51']
Metaphor for Capitalism,['https://rickandmortyapi.com/api/episode/51']
Beth Sanchez,['https://rickandmortyapi.com/api/episode/51']
Crow Scare,['https://rickandmortyapi.com/api/episode/51']
Pussifer,['https://rickandmortyapi.com/api/episode/51']
Stan Lee Rick,['https://rickandmortyapi.com/api/episode/51']
Re-Build-a-Morty Morty,['https://rickandmortyapi.com/api/episode/51']
Deformed Morty,['https://rickandmortyapi.com/api/episode/51']
Crow Horse,['https://rickandmortyapi.com/api/episode/51']
Bald Rick,['https://rickandmortyapi.com/api/episode/51']
Punk Rick,['https://rickandmortyapi.com/api/episode/51']
Party Rick,['https://rickandmortyapi.com/api/episode/51']
Scar Rick,['https://rickandmortyapi.com/api/episode/51']
Long Hair Rick,['https://rickandmortyapi.com/api/episode/51']
Redhead Rick,['https://rickandmortyapi.com/api/episode/51']
Redhead Morty,['https://rickandmortyapi.com/api/episode/51']
Gotron,['https://rickandmortyapi.com/api/episode/48']
Young Jerry,['https://rickandmortyapi.com/api/episode/51']
Young Beth,['https://rickandmortyapi.com/api/episode/51']
Young Beth,['https://rickandmortyapi.com/api/episode/51']
Young Jerry,['https://rickandmortyapi.com/api/episode/51']
Butter Robot,['https://rickandmortyapi.com/api/episode/9']
