product_url,product_name,product_price,Currency,product_short_desc
https://www.kotsovolos.gr/household-appliances/fridges/fridge-freezers/214047-hisense-rb434n4bc2,Hisense RB434N4BC2,619.0,EUR,Hisense RB434N4BC2 Full No Frost Fridge Freezer with a total gross capacity of 353 liters with Multi Air Flow for fresh food for longer.
https://www.kotsovolos.gr/household-appliances/fridges/fridge-freezers/264968-ψυγ-κτης-60cm-whirlpoolw9-931d-ks-h-3,Whirlpool W9 931D KS H 3,749.0,EUR,"Freestanding Whirlpool fridge-freezer with a capacity of 355 lt, which features Dual No Frost technology, anti-ice build-up, which effectively prevents the build-up of ice in the freezer by reducing the humidity level. Glass shelves, which provide durability as well as elegance. 6th SENSE sensors, which automatically reduce the temperature inside the device when new food is placed, thus reducing energy consumption."
https://www.kotsovolos.gr/household-appliances/fridges/fridge-freezers/237009-ψυγ-κτης-60cm-lg-dark-graph-gbp62dsngn,LG GBP62DSNGN Dark Graphite,769.0,EUR,"Fridge-freezer LG GBP62DSNGN with Total No Frost cooling type, dimensions 203 x 59.5 x 68.2 cm and gross capacity 419lt."
https://www.kotsovolos.gr/household-appliances/fridges/fridge-freezers/219184-siemens-kg49eaica,Siemens KG49EAICA,899.0,EUR,"Siemens KG49EAICA coolEfficiency fridge-freezer, with lowFrost technology and a hyperFresh drawer that keeps meat and fish fresh for up to twice as long."
https://www.kotsovolos.gr/household-appliances/fridges/fridge-freezers/234029-samsung-bespoke-rz32a7485ap-e,Samsung BESPOKE RZ32A7485AP/E,929.0,EUR,"Enjoy the flexibility offered by the BESPOKE single-door refrigerator thanks to the SpaceMax technology that gives you more storage space while the all-around cooling system guarantees uniform cooling. In addition, the metal surface at the back of the refrigerator maintains the freshness of the food while the digital inverter technology guarantees optimal operation and high performance."
https://www.kotsovolos.gr/household-appliances/fridges/fridge-freezers/220150-lg-gbf72pzdμn-60cm,LG GBF72PZDMN,949.0,EUR,"Fridge-freezer LG GBF72PZDMN with Full No Frost function, DoorCooling+, FRESHConverter and FRESHBalancer mechanism."
https://www.kotsovolos.gr/household-appliances/fridges/fridge-freezers/270257-ψυγ-κτης-60cm-hisense-rb390n4rrd-brdx,Hisense RB390N4RRD Bordeaux,999.0,EUR,"Hisense Total No Frost fridge-freezer with storage capacity of 204lt and freezing capacity of 96lt. It has a Convert Fresh Zone drawer to keep food fresh, Multi Air Flow that distributes the cooling evenly to all your food, and Super Freeze for fast cooling."
https://www.kotsovolos.gr/household-appliances/fridges/fridge-freezers/208549-siemens-kg39nhxep,Siemens KG39NHXEP Black Inox,1099.0,EUR,"The Siemens KG39NHXEP fridge-freezer with the special black Inox color, has enough space to store large quantities of food and Camera in Fridge so you can check the contents of your fridge whenever you want from your mobile phone through the Home Connect application."
https://www.kotsovolos.gr/household-appliances/fridges/fridge-freezers/214990-liebherr-cbnes-5778,Liebherr CBNES 5778,2599.0,EUR,"Fridge-freezer CBNES 5778 with a capacity of 381lt, with two cooling circuits that can be adjusted completely separately and with BioFresh technology that provides the ideal humidity for fruit, vegetables, meat and fish."
https://www.kotsovolos.gr/household-appliances/fridges/fridge-freezers/238834-ψυγ-κτης-60cm-delonghi-inox-dnfd2mx22g,Delonghi DNFD2MX22G Inox,629.0,EUR,"Delonghi DNFD2MX22G Full No Frost fridge-freezer, with a total capacity of 336 liters and with a storage drawer for maintenance and freezing."
https://www.kotsovolos.gr/household-appliances/fridges/fridge-freezers/273047-ψυγ-κτης-86cm-bosch-kgb86xiep,Bosch KGB86XIEP,1499.0,EUR,"Fridge-freezer KGB86XIEP 86cm from Bosch which has a net capacity of 631 lt, No Frost technology to prevent ice accumulation and internal LED lighting so you can easily find everything you want, as well as a VitaFresh XXL drawer to keep your food fresh ."
https://www.kotsovolos.gr/household-appliances/fridges/fridge-freezers/277928-ψυ-της-60cm-united-ucw3262m-lessfrst-wh,United UCW-3262M White,269.0,EUR,"United's white UCW-3262M 60cm wide fridge-freezer has a gross capacity of up to 259lt, has a door bottle holder and transparent drawers ideal for storing fruit and vegetables."
https://www.kotsovolos.gr/household-appliances/fridges/fridge-freezers/284917-ψυγ-κτης-60cm-matsui-mnf60x23g,Matsui MNF60X23G,399.0,EUR,"Matsui MNF60X23G Inox fridge-freezer, with a total capacity of 327 lt, 4 storage shelves, a wine shelf and a fruit and vegetable storage drawer. It has Super freeze technology, internal temperature control and soft LED lighting."
https://www.kotsovolos.gr/household-appliances/fridges/fridge-freezers/290794-ψυγειοκαταψυκτης-morris-t73262ebd-inox,Morris T73262EBD Inox,419.0,EUR,"Fridge-freezer T73262EBD Inox from the Morris company with a total capacity of 262 liters. With the Less Frost technology it has, to create less ice, which increases the operating time of the device without the need for defrosting. With mechanical operation control and 4 safety glass shelves in the maintenance area. In addition, it has internal LED lighting for lower consumption and a 4-star freezer with 2 transparent drawers."
https://www.kotsovolos.gr/household-appliances/fridges/fridge-freezers/217376-null,Delonghi DFC60W20G White,499.0,EUR,"Fridge-freezer Delonghi DFC60W20G white color, gross capacity 358lt, width 60cm, with Full No Frost type of cooling, possibility to change the direction of the door, bottle holder and with drawer for maximum care of your fruits and vegetables."
https://www.kotsovolos.gr/household-appliances/fridges/fridge-freezers/217378-ψυγ-κτης-60cm-delonghi-dfcd60w20g-white,Delonghi DFCD60W20G White,529.0,EUR,"Delonghi DFCD60W20G fridge-freezer in white color, gross capacity 358lt, width 60cm, with Full No Frost type of cooling, possibility to change door direction, bottle holder and with external water supply with container to have access to cold water."
https://www.kotsovolos.gr/household-appliances/fridges/fridge-freezers/219183-pitsos-pknb36nle0-60cm,Pizza PKNPx6NLE0,529.0,EUR,"Pitsos PKNB36NLE0 freestanding fridge-freezer with stainless steel face, Full NoFrost cooling type and a total gross capacity of 329lt. In addition, its transparent MultiBox drawer is ideal for the best preservation of fresh fruit and vegetables, while its temperature is automatically regulated with an electronic thermostat. In addition, it has an electronic control panel (LED), MultiAirflow function for uniform distribution of cooling and the ability to change the direction of the door."
https://www.kotsovolos.gr/household-appliances/fridges/fridge-freezers/217377-null,Delonghi DFC60X20G Inox,529.0,EUR,"Fridge-freezer Delonghi DFC60X20G stainless steel, gross capacity 358lt, width 60cm, with Full No Frost type of cooling, possibility to change the direction of the door, bottle holder and with drawer for maximum care of your fruits and vegetables."
https://www.kotsovolos.gr/household-appliances/fridges/fridge-freezers/218362-bosch-kgn36nwea,Bosch KGN36NWEA,539.0,EUR,Bosch KGN36NWEA Full NoFrost fridge-freezer with a total gross capacity of 329 liters and a MultiBox drawer with a corrugated bottom that protects fruit and vegetables. Place easily next to side walls and furniture.
https://www.kotsovolos.gr/household-appliances/fridges/fridge-freezers/222921-bosch-kgv36vleas,Bosch KGV36VLEAS,539.0,EUR,"The free-standing Bosch KGV36VLEAS fridge-freezer with a stainless face and VitaFresh drawer keeps food fresher for longer, while thanks to LowFrost technology, less ice forms and you don't have to defrost as often. It has a BigBox drawer to store containers or large-sized food and EasyAccess sliding glass shelves for more convenient filling and emptying."
https://www.kotsovolos.gr/household-appliances/fridges/fridge-freezers/266672-ψυγ-κτης-60cm-grundig-gkpn-46820-xp,Thorough GKPN 46820 XP,539.0,EUR,"Fridge-freezer Grundig GKPN 46820 XP 60cm with No Frost cooling type, total capacity 316lt, with Duo-Cooling technology, possibility to change door direction, bottle holder on the door and drawer for preserving fruit and vegetables."
https://www.kotsovolos.gr/household-appliances/fridges/fridge-freezers/217379-ψυγ-κτης-60cm-delonghi-dfcd60x20g-inox,Delonghi DFCD60X20G Inox,549.0,EUR,"Delonghi DFCD60X20G Inox fridge-freezer, gross capacity 358lt, width 60cm, with Full No Frost cooling type, possibility to change door direction, bottle holder and external water supply with container for the best use wherever you are."
https://www.kotsovolos.gr/household-appliances/fridges/fridge-freezers/223839-bosch-kgn36elea,Bosch KGN36ELEA,549.0,EUR,"Fridge-freezer Bosch KGN36ELEA 60cm, Full NoFrost technology (eliminates the need for defrosting, thanks to perfect protection against ice formation) and MultiBox transparent drawer with a wavy bottom, ideal for storing fruit and vegetables. The device can be placed right next to side walls and furniture for flexible installation, while the LED lighting illuminates the refrigerator evenly without glare."
https://www.kotsovolos.gr/household-appliances/fridges/fridge-freezers/299538-ψυγειοκαταψυκτης-60cm-bosch-kgn33nweb,Bosch KGN33NWEB,549.0,EUR,"Fridge-freezer KGN33NWEB in white from Bosch with a net total capacity of 282 lt, Full NoFrost technology, LED lighting, an acoustic warning signal that reminds you if the door is not closed properly or if some other error occurs as well as Perfect Fit to place the refrigerator right next to walls and furniture without a millimeter of unused space."
https://www.kotsovolos.gr/household-appliances/fridges/fridge-freezers/266670-ψυγ-κτης-60cm-grundig-gkpn-46920-w,Grundig GKPN 46920 W,569.0,EUR,"Fridge-freezer Grundig GKPN 46920 W 60cm with No Frost cooling type, total capacity 355lt, with Duo-Cooling technology, possibility to change door direction, bottle holder on the door and drawer for preserving fruit and vegetables."
https://www.kotsovolos.gr/household-appliances/fridges/fridge-freezers/299537-ψυγειοκαταψυκτης-60cm-bosch-kgn33nleb,Bosch KGN33NLEB,579.0,EUR,"Fridge-freezer KGN33NLEB with Steel Look from Bosch with a net total capacity of 282 lt, Full NoFrost technology, LED lighting, an acoustic warning signal that reminds you if the door is not closed properly or if some other error occurs as well as Perfect Fit to place the refrigerator right next to walls and furniture without a millimeter of unused space."
https://www.kotsovolos.gr/household-appliances/fridges/fridge-freezers/223228-morris-r71362cap,Morris R71362CAP,599.0,EUR,"Morris R71362CAP fridge-freezer, Inox color and mixed capacity 379lt. It has Full NoFrost technology which prevents the formation of ice inside the refrigerator, while eliminating the laborious process of defrosting to clean the ice."
https://www.kotsovolos.gr/household-appliances/fridges/fridge-freezers/238833-ψυγ-κτης-60cm-delonghi-inox-dnf2mx22g,Delonghi DNF2MX22G,599.0,EUR,"Delonghi DNF2MX22G Full No Frost fridge-freezer, with a total capacity of 336 liters and with a storage drawer for maintenance and freezing."
https://www.kotsovolos.gr/household-appliances/fridges/fridge-freezers/266671-ψυγ-κτης-60cm-grundig-gkpn-46920-xp,Thorough GKPN 46920 XP,599.0,EUR,"Fridge-freezer Grundig GKPN 46920 XP 60cm with No Frost cooling type, total capacity 355lt, with Duo-Cooling technology, possibility to change door direction, bottle holder on the door and drawer for preserving fruit and vegetables."
https://www.kotsovolos.gr/household-appliances/fridges/fridge-freezers/284293-ψυγ-κτης-60cm-samsung-rb34c671dsa-ef,Samsung RB34C671DSA/EF,639.0,EUR,"Enjoy the flexibility offered by the RB34C671DSA/EF fridge-freezer, thanks to the SpaceMax technology that gives you more storage space, while the all-around cooling system guarantees uniform cooling. In addition, the digital inverter compressor guarantees optimal operation and high performance."
https://www.kotsovolos.gr/household-appliances/fridges/fridge-freezers/238835-ψυγ-κτης-60cm-delonghi-white-dnfd2mw22g,Delonghi DNFD2MW22G,649.0,EUR,"Delonghi DNFD2MW22G fridge-freezer, 60cm wide, with a gross capacity of 336lt."
https://www.kotsovolos.gr/household-appliances/fridges/fridge-freezers/284311-ψυγ-κτης-60cm-samsung-rb34c6b1ds9-ef,Samsung BESPOKE RB34C6B1DS9/EF,649.0,EUR,"Enjoy the flexibility offered by the BESPOKE fridge-freezer, thanks to the SpaceMax technology that gives you more storage space, while the all-around cooling system guarantees uniform cooling. In addition, the digital inverter technology guarantees optimal operation and high performance."
https://www.kotsovolos.gr/household-appliances/fridges/fridge-freezers/300721-ψυγ-κτης-60cm-whirlpool-w7x-82i-ox,Whirlpool W7X 82I OX,649.0,EUR,"Fridge-freezer W7X 82I OX by Whirlpool with Full No Frost cooling type, net total capacity 335 lt, LED interior lighting and glass shelves, designed to combine beauty and functionality. In addition, it has a Fresh Box+ for storing your fruits and vegetables. Finally, its door changes direction, for greater convenience."
https://www.kotsovolos.gr/household-appliances/fridges/fridge-freezers/201908-lg-gbp31dslzn-dark-graphite,LG GBP31DSLZN Dark Graphite,669.0,EUR,"Fridge-freezer LG GBP31DSLZN Full No Frost with a total gross capacity of 373lt, energy class A++, with LINEARCooling for fresh food for longer and DoorCooling+ for faster and uniform cooling, everywhere."
https://www.kotsovolos.gr/household-appliances/fridges/fridge-freezers/260333-ψυγ-κτης-morris-b18614ewx-μαυρο-γυαλι,Morris B18614EWX Black,679.0,EUR,"Morris B18614EWX 60cm wide fridge-freezer, black color, net capacity 330lt, with Full NoFrost cooling type and Multi-Cooling system and 2 independent cooling systems."
https://www.kotsovolos.gr/household-appliances/fridges/fridge-freezers/261067-hoover-hoce4t618ex,Hoover HOCE4T618EX,679.0,EUR,"Hoover HOCE4T618EX Total No Frost fridge-freezer with a total net capacity of 341 liters and SKYLED lighting. It has 3+1 glass shelves, 1 fruit bowl, 5 door holders and an egg holder, while the freezer has 3 drawers and an ice box."
https://www.kotsovolos.gr/household-appliances/fridges/fridge-freezers/228654-whirlpool-wb70i-952-x,Whirlpool WB70I 952 X,699.0,EUR,"Whirlpool WB70I 952 X freestanding fridge-freezer in Inox color, with Optic Inox design for ring protection. It has No Frost technology, which effectively prevents the accumulation of ice in the freezer by reducing the humidity level. An appliance with a large height to meet the needs of the whole family and with profiled glass shelves on the front, which provide durability, elegance and extra security."
https://www.kotsovolos.gr/household-appliances/fridges/fridge-freezers/217476-pitsos-pknb39vwea-60cm,Pizza PKNPX9VWEA 60cm,699.0,EUR,"Pitsos PKNB39VWEA freestanding fridge-freezer in white, total gross capacity 400lt, with Full NoFrost cooling type and ExtraFresh drawer, for the best preservation of fruit and vegetables for a longer period of time. It provides electronic control (LED) of maintenance & freezing, as well as MultiAirflow function for uniform distribution of cooling. It has the ability to change the direction of the door with an integrated vertical handle and visual-audio warning signal."
https://www.kotsovolos.gr/household-appliances/fridges/fridge-freezers/217265-whirlpool-w7-821o-οχ-60cm,Whirlpool W7 821O OX - 60cm,699.0,EUR,"Whirlpool W7 821O OX fridge-freezer with a total gross capacity of 378lt, Optic Inox color, with a width of 60cm and the temperature can be adjusted automatically with digital sensors. The Total No Frost system guarantees the perfect preservation of food without the need for defrosting in storage and freezing. At the same time, the MultiFlow function ensures an even distribution of temperature and cooling inside the refrigerator, keeping food fresh for twice as long."
https://www.kotsovolos.gr/household-appliances/fridges/fridge-freezers/254534-ψυγ-κτης-60cm-bosch-kgn362idf-inox,Bosch KGN362IDF Inox Antifinger,699.0,EUR,Free Bosch KGN362IDF Inox Antifinger fridge-freezer with Full NoFrost and VitaFresh technology to keep all your food perfect and fresh for an even longer period of time.
https://www.kotsovolos.gr/household-appliances/fridges/fridge-freezers/300722-ψυγ-κτης-60cm-whirlpool-w7x-92i-ox,Whirlpool W7X 92I OX,699.0,EUR,"The W7X 92I OX fridge-freezer from Whirlpool has a Full No Frost cooling system that eliminates the need for defrosting, while the interior LED lighting offers excellent visibility. The net total capacity of 357 liters is ideal for large families. The 6th Sense technology with sensors automatically adjusts the temperature, while the Cool Breeze system ensures an even circulation of cool air. Fresh Box+ keeps fruits and vegetables fresh for up to 15 days with adjustable humidity."
https://www.kotsovolos.gr/household-appliances/fridges/fridge-freezers/223840-siemens-kg39nviec,Siemens KG39NVIEC,719.0,EUR,"Fridge-freezer with hyperFresh drawer that keeps fruit and vegetables fresh for longer, as well as full noFrost technology, so you never have to defrost again."
https://www.kotsovolos.gr/household-appliances/fridges/fridge-freezers/251703-ψυγ-κτης-60cm-morris-b20115ewx-black,Morris B20115EWX Black,719.0,EUR,"Morris B20115EWX Black fridge-freezer, 367lt gross capacity, 60cm width, Multi Flow technology, with the circulation of cold air through multiple air ducts, more efficient and homogeneous cooling is achieved throughout the interior of the refrigerator."
https://www.kotsovolos.gr/household-appliances/fridges/fridge-freezers/219108-bosch-kgn397ieq-inox,Bosch KGN397IEQ,729.0,EUR,Bosch KGN397IEQ Inox Antifinger Full NoFrost fridge-freezer with a total gross capacity of 400 liters and with a VitaFresh drawer that keeps food fresh for a long time.
https://www.kotsovolos.gr/household-appliances/fridges/fridge-freezers/198994-lg-gbp32dslzn-dark-graphite,LG GBP32DSLZN Dark Graphite,739.0,EUR,Fridge-freezer LG GBP62DSNFN Full No Frost total gross capacity 419lt with LINEARCooling for fresh food for longer and DoorCooling+ for faster and uniform cooling everywhere.
https://www.kotsovolos.gr/household-appliances/fridges/fridge-freezers/237008-ψυγ-κτης-60cm-lg-dark-graph-gbp61dspgn,LG GBP61DSPGN Dark Graphite,749.0,EUR,"Fridge-freezer LG GBP61DSPGN with Total No Frost cooling type, dimensions 186 x 59.5 x 68.2 cm and gross capacity 374lt."
https://www.kotsovolos.gr/household-appliances/fridges/fridge-freezers/298218-ψυγ-κτης-60cm-samsung-rb38c650esa-ef,Samsung RB38C650ESA/EF,749.0,EUR,"Smart Samsung fridge-freezer, with a total capacity of 386lt, freezer capacity of 114lt and fridge capacity of 272lt. It has All Around Cooling and SpaceMax technology for more storage space. Use SmartThings to manage the food in your fridge efficiently."
https://www.kotsovolos.gr/household-appliances/fridges/fridge-freezers/284294-ψυγ-κτης-60cm-samsung-rb38c602dsa-ef,Samsung RB38C602DSA/EF,749.0,EUR,"Enjoy the flexibility offered by the RB38C602DSA/EF fridge-freezer, thanks to the SpaceMax technology that gives you more storage space, while the all-around cooling system guarantees uniform cooling. In addition, the digital inverter compressor guarantees optimal operation and high performance."
https://www.kotsovolos.gr/household-appliances/fridges/fridge-freezers/284315-ψυγ-κτης-60cm-samsung-rb34c7b5dap-ef,Samsung BESPOKE RB34C7B5DAP/EF,749.0,EUR,"Enjoy the flexibility offered by the BESPOKE fridge-freezer thanks to the SpaceMax technology that gives you more storage space while the all-around cooling system guarantees uniform cooling. In addition, the metal surface at the back of the refrigerator preserves the freshness of food."
https://www.kotsovolos.gr/household-appliances/fridges/fridge-freezers/252351-ψυγ-κτης-60cm-siemens-kg39nvida-antifing,Siemens KG39NVIDA,749.0,EUR,"Siemens KG39NVIDA, freestanding fridge-freezer 203x60cm, Inox Antifinger, 279lt gross capacity, NoFrost cooling type, integrated vertical handle and reversible door direction."
https://www.kotsovolos.gr/household-appliances/fridges/fridge-freezers/259393-grundig-gkpn-66940-lxpw,Thorough GKPN 66940 LXPW,749.0,EUR,"Fridge-freezer GKPN 66940 LXPW from Grundig, capacity 355lt, with WiFi connection and FullFresh+ vegetable drawer."
https://www.kotsovolos.gr/household-appliances/fridges/fridge-freezers/261069-hoover-hoce7t618dw,Hoover HOCE7T618DW,749.0,EUR,"Hoover HOCE7T618DW Total No Frost fridge-freezer with a total net capacity of 341 liters and SKYLED lighting. It has 2+2 glass shelves for storage, 1 fruit bowl, Chiller, 5 door compartments and a compartment for eggs, while the freezer has 3 drawers and an ice box."
https://www.kotsovolos.gr/household-appliances/fridges/fridge-freezers/228605-null,Morris W71368CAP White,769.0,EUR,"Fridge-freezer white W71368CAP from Morris, gross capacity 367 litres, with 4-star freezer with 3 drawers, display screen, 60cm wide, possibility to change door direction and automatic temperature regulation with electronic thermostat."
https://www.kotsovolos.gr/household-appliances/fridges/fridge-freezers/228652-whirlpool-wb70e-973-x,Whirlpool WB70E 973 X,779.0,EUR,"Whirlpool WB70E 973 X freestanding fridge-freezer with Inox color and Optic Inox design with ring protection. In addition, it has No Frost technology, which effectively prevents the accumulation of ice in the freezer by reducing the level of humidity. An appliance with a large height that will meet the needs of the whole family, while the profiled glass shelves on the front provide durability, elegance and extra security."
https://www.kotsovolos.gr/household-appliances/fridges/fridge-freezers/300714-ψυγ-κτης-60cm-samsung-rb38c602csa-ef,Samsung RB38C602CSA/EF,779.0,EUR,"Smart Samsung fridge-freezer, with a total capacity of 390lt, freezer capacity of 114lt and fridge capacity of 276lt. It has All Around Cooling and SpaceMax technology for more storage space. Use SmartThings to manage the food in your fridge efficiently."
https://www.kotsovolos.gr/household-appliances/fridges/fridge-freezers/264966-ψυγ-κτης-60cm-whirlpool-w9-931d-b-h-3,Whirlpool W9 931D B H 3,789.0,EUR,"Whirlpool freestanding fridge-freezer with a gross total capacity of 355 lt, which features No Frost, anti-ice build-up technology, which effectively prevents the build-up of ice in the freezer by reducing the humidity level. Glass shelves, which provide durability as well as elegance. 6th SENSE sensors, which automatically reduce the temperature inside the device when new food is placed, thus reducing energy consumption."
https://www.kotsovolos.gr/household-appliances/fridges/fridge-freezers/215140-grundig-gkn27940fxn,Thorough GKN27940FXN,799.0,EUR,Grundig GKN27940FXN fridge-freezer with total gross capacity of 501 lt with Super Fresh zone 0°-3°C in storage for maximum preservation of meat and fish.
https://www.kotsovolos.gr/household-appliances/fridges/fridge-freezers/291949-ψυγ-κτης-60cm-lg-white-gbv5240dsw,LG GBV5240DSW White,799.0,EUR,"LG GBV5240DSW Full No Frost fridge-freezer with a total net capacity of 387lt with uniform Multi Air Flow cooling, a FRESHConverter drawer that keeps your food fresh and an Inverter Compressor motor."
https://www.kotsovolos.gr/household-appliances/fridges/fridge-freezers/259745-ψυγ-κτης-morris-70cm-ινοχ-r72465cap-2,Morris R72465CAP/2 Inox,799.0,EUR,"Morris R72465CAP/2 Inox fridge-freezer, with antifinger function that does not leave fingerprints, 481lt gross capacity, 70cm width, Full NoFrost technology with Multi-Cooling cooling system and 2 independent cooling systems."
https://www.kotsovolos.gr/household-appliances/fridges/fridge-freezers/264967-ψυγ-κτης-60cm-whirlpool-w9-931d-ix-h-3,Whirlpool W9 931D IX H 3,799.0,EUR,"Whirlpool freestanding fridge-freezer with a gross total capacity of 355 lt, which features No Frost, anti-ice build-up technology, which effectively prevents the build-up of ice in the freezer by reducing the humidity level. Glass shelves, which provide durability as well as elegance. 6th SENSE sensors, which automatically reduce the temperature inside the device when new food is placed, thus reducing energy consumption."
https://www.kotsovolos.gr/household-appliances/fridges/fridge-freezers/277577-ψυγ-κτης-60cm-bosch-kgn392ldc-inox,Bosch KGN392LDC Inox,799.0,EUR,"The freestanding fridge-freezer is the ideal ally for preserving your food thanks to the Vitafresh function with a net capacity of 368 lt, NoFrost technology so you never have to defrost again, automatic SuperFreezing and LED lighting."
https://www.kotsovolos.gr/household-appliances/fridges/fridge-freezers/300724-ψυγ-κτης-60cm-whirlpool-w7x-93t-ks,Whirlpool W7X 93T KS,799.0,EUR,"Whirlpool's W7X 93T KS fridge-freezer features a Full No Frost cooling system that eliminates the need for defrosting, while LED interior lighting offers excellent visibility. The net total capacity of 367 liters is ideal for large families. The 6th Sense technology with sensors automatically adjusts the temperature, while the Cool Breeze system ensures an even circulation of cool air. Fresh Box+ keeps fruits and vegetables fresh for up to 15 days with adjustable humidity."
https://www.kotsovolos.gr/household-appliances/fridges/fridge-freezers/244561-ψυγ-κτης-60cm-hisense-rb470n4sic-inox,Hisense RB470N4SIC Inox,829.0,EUR,"Hisense fridge-freezer RB470N4SIC with total useful capacity: 361 lt, WiFi - Smart Connectivity, inox color, drawer 0°C Zone, LED Display on the maintenance door and LED lighting in the maintenance area."
https://www.kotsovolos.gr/household-appliances/fridges/fridge-freezers/233660-null,Hisense RB645N4BIE,839.0,EUR,"Fridge-freezer RB645N4BIE with Full No Frost cooling type, gross capacity 495lt, Inox color, display screen, three shelves in maintenance and with a width of 70cm."
https://www.kotsovolos.gr/household-appliances/fridges/fridge-freezers/237005-ψυγ-κτης-60cm-lg-gbb62pzggn,LG GBB62PZGGN,839.0,EUR,Fridge-freezer LG GBB62PZGGN Total No Frost total gross capacity 419lt with Door Cooling for faster cooling in the refrigerator door.
https://www.kotsovolos.gr/household-appliances/fridges/fridge-freezers/251945-ψυγ-κτης-70cm-whirlpool-wb70e-973-w,Whirlpool WΒ70Ε 973 W,849.0,EUR,"Whirlpool WΒ70Ε 973 W fridge-freezer, with a total capacity of 486lt, width 70cm, Full No Frost type of cooling, possibility to change the direction of the door, bottle holder and 3 shelves in maintenance."
https://www.kotsovolos.gr/household-appliances/fridges/fridge-freezers/265211-ψυγ-κτης-70cm-pitsos-pknb56xwep,Pizza PKNB56XWEP,849.0,EUR,"Pitsos PKNB56XWEP freestanding fridge-freezer with Full No Frost technology, which effectively prevents the accumulation of ice in the freezer by reducing the humidity level. Glass shelves, Extra Cold and Extra Fresh drawers that provide durability as well as elegance."
https://www.kotsovolos.gr/household-appliances/fridges/fridge-freezers/303070-ψυγ-κτης-75cm-samsung-rb53dg703es9ef,Samsung RB53DG703ES9EF,869.0,EUR,"Samsung smart fridge-freezer, with a total capacity of 538lt, a freezer capacity of 168lt and a storage capacity of 370lt. It has All Around Cooling and SpaceMax technology for more storage space. Use SmartThings to manage the food in your fridge efficiently."
https://www.kotsovolos.gr/household-appliances/fridges/fridge-freezers/213751-bosch-kgn49xlea,Bosch KGN49XLEA,899.0,EUR,Bosch KGN49XLEA Full No Frost fridge-freezer with a total gross capacity of 466 liters with a VitaFresh drawer that keeps your food fresh for a long time.
https://www.kotsovolos.gr/household-appliances/fridges/fridge-freezers/226756-lg-gbb566pzhmn,LG GBB566PZHMN,899.0,EUR,"The LG GBB566PZHMN fridge-freezer with Total No Frost technology and Multi Air Flow system ensures even distribution of cold air, keeping your food fresh for longer, while providing protection against ice formation, freeing you once and for all from the tedious process of defrosting."
https://www.kotsovolos.gr/household-appliances/fridges/fridge-freezers/242345-ψυγ-κτης-60cm-lg-gbp62pznbc,LG GBP62PZNBC,899.0,EUR,"LG GBP62PZNBC fridge-freezer with Full NoFrost cooling type, possibility to change door direction and DoorCooling+ function for up to 32% faster & uniform cooling."
https://www.kotsovolos.gr/household-appliances/fridges/fridge-freezers/291654-ψυγ-κτης-hitachi-r-bgx411pru0-1(xgr),Hitachi R-BGX411PRU0-1 Gradation Gray,899.0,EUR,"Hitachi inverter technology fridge-freezer with deep and spacious freezer drawers. It has two separate fans that circulate cold air independently to each part of the refrigerator and quiet operation. The Fresh Select area gives you the opportunity to store cold meats or vegetables according to your wishes, in the ideal conditions."
https://www.kotsovolos.gr/household-appliances/fridges/fridge-freezers/292359-ψυγ-κτης-60cm-lg-gbv7180cev,LG GBV7180CEV,899.0,EUR,"LG GBV7180CEV Full No Frost fridge-freezer with a total net capacity of 344lt with uniform Multi Air Flow cooling, FRESHConverter technology that keeps your food fresh and an Inverter Compressor motor."
https://www.kotsovolos.gr/household-appliances/fridges/fridge-freezers/292363-ψυγ-κτης-60cm-lg-gbp52pynbn,LG GBP52PYNBN,899.0,EUR,"LG fridge-freezer, 60cm wide, with Total No Frost cooling type, 384 liter gross capacity, Door Cooling+ function for faster cooling in the refrigerator door, possibility to change door direction and Fresh Converter drawer for optimal temperature for each type of food."
https://www.kotsovolos.gr/household-appliances/fridges/fridge-freezers/261692-ψυγ-κτης-60cm-haier-hdw3620dnpk,Haier HDW3620DNPK,909.0,EUR,"Haier HDW3620DNPK 60cm fridge-freezer, Full No Frost technology, total net capacity 377lt, with Air Surround even side cooling, Humidity Zone drawer to keep food fresh and LED interior lighting. It has an external touch screen to see its settings at a glance."
https://www.kotsovolos.gr/household-appliances/fridges/fridge-freezers/261693-ψυγ-κτης-haier-hdw3620dnpd,Haier HDW3620DNPD,909.0,EUR,"Haier HDW3620DNPD fridge-freezer, Full No Frost technology, total net capacity 377lt, with Air Surround uniform side cooling, Humidity Zone drawer to keep food fresh and LED interior lighting."
https://www.kotsovolos.gr/household-appliances/fridges/fridge-freezers/217478-pitsos-pknb49xiep-70cm,Pizza PKNB49XIEP,919.0,EUR,"Pitsos PKNB49XIEP freestanding fridge-freezer, with Inox Antifinger color, Full NoFrost cooling type, total gross capacity 466lt and noise level 40 dB(A). Its competitive advantage is the ExtraCold Comfort drawers, i.e. two drawers that keep meat and fish fresh for twice as long compared to common fridge-freezers. In addition, it has Premium electronic control TouchControl & MultiAirflow for even distribution of cooling."
https://www.kotsovolos.gr/household-appliances/fridges/fridge-freezers/284298-ψυγ-κτης-60cm-samsung-rb38c7b6cs9-ef,Samsung BESPOKE RB38C7B6CS9/EF,929.0,EUR,"Enjoy the flexibility offered by the BESPOKE fridge-freezer thanks to the SpaceMax technology that gives you more storage space while the all-around cooling system guarantees uniform cooling. In addition, the metal surface at the back of the refrigerator preserves the freshness of food."
https://www.kotsovolos.gr/household-appliances/fridges/fridge-freezers/284299-ψυγ-κτης-60cm-samsung-rb38c7b6d22-ef,Samsung BESPOKE RB38C7B6D22/EF,949.0,EUR,"Enjoy the flexibility offered by the BESPOKE fridge-freezer thanks to the SpaceMax technology that gives you more storage space while the all-around cooling system guarantees uniform cooling. In addition, the metal surface at the back of the refrigerator preserves the freshness of food."
https://www.kotsovolos.gr/household-appliances/fridges/fridge-freezers/302599-ψυγ-κτης-60cm-bosch-kgn392icf,Bosch 60CM KGN392ICF,949.0,EUR,"Keep your food fresh in the 60cm wide KGN392ICF fridge-freezer. With VitaFresh system for humidity control, and Super Cooling for faster cooling of the food you have just placed. It also has a glossy back with Multi Airflow technology, which offers an even distribution of cool and clean air to maintain a constant temperature in the device. Finally, thanks to the LED lighting your food is always in the spotlight."
https://www.kotsovolos.gr/household-appliances/fridges/fridge-freezers/300376-ψυγ-κτης-60cm-lg-gbv5250dep-black,LG GBV5250DEP Black,979.0,EUR,"LG GBV5250DEP Full No Frost fridge-freezer with total net capacity of 387lt with uniform Multi Air Flow cooling, FRESHConverter drawer that keeps your food fresh and Inverter Compressor motor."
https://www.kotsovolos.gr/household-appliances/fridges/fridge-freezers/286599-ψυγ-κτης-70cm-lg-gbb567secmn,LG GBB567SECMN,999.0,EUR,"LG GBB567SECMN fridge-freezer, capacity 462 lt, DoorCooling+ function for faster cooling at the refrigerator door, FRESHBalancer function that ensures optimization of humidity and optimal temperature of your food and the ability to identify any problems with Smart Diagnosis."
https://www.kotsovolos.gr/household-appliances/fridges/fridge-freezers/270222-ψυγ-κτης-84cm-whirlpool-w84be-72-x-2,Whirlpool W84BE 72 X 2,999.0,EUR,"Whirlpool W84BE 72 X 2 fridge-freezer, with a useful storage capacity of 407lt and a freezer of 181lt, width 84cm, Dual No Frost type of cooling, possibility to change the direction of the door, Twist Ice ice machine and 3 shelves in the storage."
https://www.kotsovolos.gr/household-appliances/fridges/fridge-freezers/265214-ψυγ-κτης-70cm-bosch-kgn56xier,Bosch KGN56XIER,999.0,EUR,"Bosch KGN56XIER fridge-freezer, gross capacity 508 liters, Full No Frost technology. It has a VitaFresh drawer that keeps food fresh for a longer period of time."
https://www.kotsovolos.gr/household-appliances/fridges/fridge-freezers/267756-ψυγ-κτης-70cm-bosch-kgn497ldf,Bosch KGN497LDF,1029.0,EUR,"Fridge-freezer KGN497LDF from the Bosch company, with a total capacity of 440 lt. It has No Frost technology, no ice accumulates on the walls of the refrigerator. It is also equipped with systems such as VitaFresh, Super Freezing, Super Cooling to keep your food fresh."
https://www.kotsovolos.gr/household-appliances/fridges/fridge-freezers/217277-whirlpool-w9-931d-b-h,Whirlpool W9 931D B H,1049.0,EUR,"60 cm fridge-freezer with Dual No Frost technology with two separate cooling elements to perfectly preserve food for up to 15 days in the entire preservation chamber, without the need for defrosting in preservation and freezing, it offers rich moisture in the preservation area without mixing odors. The MultiFlow system ensures an even distribution of temperature and cooling inside the refrigerator, keeping food fresh for twice as long."
https://www.kotsovolos.gr/household-appliances/fridges/fridge-freezers/217279-whirlpool-w9-931d-ks-h-60cm,Whirlpool W9 931D KS H - 60cm,1049.0,EUR,"Whirlpool W9 931D KS H fridge-freezer with a total gross capacity of 388lt, with a width of 60cm and the temperature being automatically regulated with digital sensors. At the same time, the MultiFlow system with a metal back ensures an even distribution of temperature and cooling inside the refrigerator, keeping food fresh for twice as long."
https://www.kotsovolos.gr/household-appliances/fridges/fridge-freezers/265477-ψυγ-κτης-70cm-siemens-kg49nxiep,Siemens KG49NXIEP,1049.0,EUR,"Siemens KG49NXIEP Inox Antifinger fridge-freezer, with hyperFresh drawer that keeps fruits and vegetables fresh for longer, as well as full noFrost technology, so you never have to defrost again."
https://www.kotsovolos.gr/household-appliances/fridges/fridge-freezers/283077-ψυγ-κτης-60cm-haier-hdw5620cnpd,Haier HDW5620CNPD,1079.0,EUR,"Haier HDW5620CNPD 60cm fridge-freezer, Full No Frost technology, total net capacity 377lt, with Air Surround uniform side cooling and Humidity Zone drawer to keep food fresh. It has an external touch screen to see its settings at a glance and Wi-Fi connection for maximum convenience."
https://www.kotsovolos.gr/household-appliances/fridges/fridge-freezers/277754-ψυγ-κτης-60cm-haier-hdw5620cnpk-inox,Haier HDW5620CNPK Inox,1079.0,EUR,"Haier HDW5620CNPK 60cm fridge-freezer, Full No Frost technology, total net capacity 377lt, with Air Surround uniform side cooling, Humidity Zone drawer to keep food fresh and LED interior lighting. It has an external touch screen to see its settings at a glance."
https://www.kotsovolos.gr/household-appliances/fridges/fridge-freezers/237632-ψυγ-κτης-70cm-lg-gbb569mcamb-black-mat,LG GBB569MCAMB,1099.0,EUR,"Fridge-freezer LG GBB569MCAMB in matte black color, with Full No Frost cooling type, total gross capacity 500lt with DoorCooling+ function for faster and uniform cooling, everywhere and SmartThinQ system through application for remote settings."
https://www.kotsovolos.gr/household-appliances/fridges/fridge-freezers/226757-lg-gbf567pzcmb-silver,LG GBF567PZCMB Silver,1099.0,EUR,"Fridge-freezer LG GBF567PZCMB silver color, width 70cm, with Full No Frost type of cooling, 500 liter mixed capacity, Door Cooling function for faster cooling in the refrigerator door, possibility to change the direction of the door, with water tap and Multi Air Flow mechanism for the multiple flow of air inside the device."
https://www.kotsovolos.gr/household-appliances/fridges/fridge-freezers/291016-ψυγ-κτης-75cm-bosch-kgn76xiep,Bosch KGN76XIEP,1099.0,EUR,"The Full NoFrost fridge-freezer with XXL size has a larger dimension and holds even more food comfortably and in ideal conditions. In addition, it also has VitaFresh technology to keep everything perfect and fresh for an even longer period of time."
https://www.kotsovolos.gr/household-appliances/fridges/fridge-freezers/284313-ψυγ-κτης-60cm-samsung-rb38c7b5bs9-ef,Samsung BESPOKE RB38C7B5BS9/EF,1099.0,EUR,"Enjoy the flexibility offered by the BESPOKE fridge-freezer thanks to the SpaceMax technology that gives you more storage space while the twin cooling cooling system guarantees uniform cooling. In addition, the metal surface at the back of the refrigerator preserves the freshness of food."
https://www.kotsovolos.gr/household-appliances/fridges/fridge-freezers/280363-ψυγ-κτης-75cm-bosch-kgn76aidr-inox,Bosch KGN76AIDR Inox Antifinger 75cm,1099.0,EUR,"The Freestanding Inox Antiﬁnger KGN76AIDR fridge-freezer from Bosch with freezing capacity: 120 lt and cooling capacity: 406 lt fits all your food comfortably and keeps it in the most ideal conditions thanks to Dynamic MultiAirFlow and VitaFresh technology. The need for defrosting is eliminated thanks to the Full NoFrost technology, while you enjoy enormous flexibility with the glass shelves and multipurpose drawers. It also has an LED light that illuminates the refrigerator evenly."
https://www.kotsovolos.gr/household-appliances/fridges/fridge-freezers/254533-ψυγ-κτης-60cm-bosch-kgn39lbcf-μαυρο,Bosch KGN39LBCF Black,1099.0,EUR,Freestanding Bosch KGN39LBCF Black fridge-freezer with NoFrost technology with VitaFresh to keep everything perfect and fresh for even longer.
https://www.kotsovolos.gr/household-appliances/fridges/fridge-freezers/260877-ψυγ-κτης-60cm-liebherr-cnsfd-573i,Liebherr CNsfd 573i,1099.0,EUR,"CNsfd 573i fridge-freezer, 359 lt capacity with EasyFresh and NoFrost for fresh food without unwanted ice formation."
https://www.kotsovolos.gr/household-appliances/fridges/fridge-freezers/277536-ψυγ-κτης-70cm-bosch-kgn493ldc,Bosch KGN493LDC 70cm Inox,1099.0,EUR,"Bosch KGN493LDC No Frost 70cm wide fridge-freezer with VitaFresh drawer keeps food fresh for longer. In addition, it has shelf configuration flexibility, automatic SuperFreezing, two separate cooling circuits and a SuperCooling function."
https://www.kotsovolos.gr/household-appliances/fridges/fridge-freezers/292745-ψυγ-κτης-60cm-haier-htw5620cnmp,Haier HTW5620CNMP,1149.0,EUR,"Haier HTW5620CNMP 60cm fridge-freezer, Full No Frost technology, total net capacity 414lt, with Air Surround uniform side cooling, Humidity Zone drawer to keep food fresh and LED interior lighting."
https://www.kotsovolos.gr/household-appliances/fridges/fridge-freezers/268148-ψυγ-κτης-70cm-morrisd72463cap-dark-inox,Morris D72463CAP Dark Inox,1189.0,EUR,"Fridge-freezer D72463CAP Dark Inox, with 481lt gross capacity, 70cm width, cooling capacity 8kg/24h, Multi Cooling technology for better food preservation and 2 independent cooling systems."
https://www.kotsovolos.gr/household-appliances/fridges/fridge-freezers/210903-neff-kg7493bd0,Neff KG7493BD0,1199.0,EUR,Neff KG7493BD0 fridge-freezer with a total gross capacity of 466lt with a FreshSafe drawer that keeps food fresh for up to twice as long.
https://www.kotsovolos.gr/household-appliances/fridges/fridge-freezers/269296-ψυγ-κτης-70cm-bosch-kgn49vxdt-bl-stnl-st,Bosch KGN49VXDT Black Inox,1199.0,EUR,"Bosch No Frost fridge-freezer with a cooling capacity of 311 lt and a freezing capacity of 129 lt. Thanks to the VitaFresh XXL system, it keeps all food fresh for longer in its extra large drawers. With MultiAirFlow technology, food is cooled evenly and kept better."
https://www.kotsovolos.gr/household-appliances/fridges/fridge-freezers/270530-ψυγ-κτης-70cm-lg-gbb569nsagb,LG GBB569NSAGB,1199.0,EUR,"Fridge-freezer LG GBB569NSAGB Full No Frost total gross capacity 500lt with LINEARCooling for fresh food for longer, DoorCooling+ for faster and uniform cooling, everywhere and SmartThinQ system via app for remote settings."
https://www.kotsovolos.gr/household-appliances/fridges/fridge-freezers/266709-ψυγ-κτης-bosch-70cm-kgn497ict,Bosch KGN497ICT,1199.0,EUR,"Fridge-freezer KGN497ICT from the Bosch company, with a total capacity of 440 lt. It has No Frost technology, no ice accumulates on the walls of the refrigerator. It is also equipped with systems such as VitaFresh, Super Freezing, Super Cooling to keep your food fresh."
https://www.kotsovolos.gr/household-appliances/fridges/fridge-freezers/297203-ψυγeio-κτης-60cm-lg-gbb72tw9dq,You have come back and believed,1229.0,EUR,"LG GBB72TW9DQ Total No Frost fridge-freezer, total capacity 387 lt with FRESHBalancer technology that maintains humidity, FRESHConverter, folding shelf for storing large items and DoorCooling+ for even cooling."
https://www.kotsovolos.gr/household-appliances/fridges/fridge-freezers/294732-ψυγ-κτης-60cm-lg-gbv7280bmb,LG GBV7280BMB,1249.0,EUR,"Fridge-freezer LG GBV7280BMB Full No Frost total net capacity 387lt with LINEARCooling for fresh food for longer, DoorCooling+ for faster and uniform cooling, everywhere and Multi Air Flow system for fast & uniform cooling."
https://www.kotsovolos.gr/household-appliances/fridges/fridge-freezers/202346-morris-mrs31300r-retro-red,Morris MRS31300R Retro Red,1279.0,EUR,Fridge-freezer Morris MRS31300R Retro Red total gross capacity 325lt with retro design.
https://www.kotsovolos.gr/household-appliances/fridges/fridge-freezers/268868-ψυγ-κτης-70cm-bosch-kgn49lbcf-bl-glass,Bosch KGN49LBCF 70cm Black Glass,1299.0,EUR,"Bosch KGN49LBCF No Frost 70cm wide fridge-freezer with VitaFresh XXL drawer keeps food fresh for longer. In addition, it has a metal back with MultiAirflow technology for uniform temperature, automatic SuperFreezing, two separate cooling circuits and a SuperCooling function."
https://www.kotsovolos.gr/household-appliances/fridges/fridge-freezers/257767-ψυγ-κτης-60cm-bosch-kgn39aict-inox,Bosch KGN39AICT Inox,1299.0,EUR,Free Bosch KGN39AICT Inox fridge-freezer with Full NoFrost and VitaFresh technology to keep all your food perfect and fresh for an even longer period of time.
https://www.kotsovolos.gr/household-appliances/fridges/fridge-freezers/265213-ψυγ-κτης-70cm-bosch-kgn49aict,Bosch KGN49AICT Inox Antifinger,1299.0,EUR,"Fridge-freezer KGN49AICT from the Bosch company, with a total capacity of 440 liters. In addition, it also has VitaFresh technology to keep everything perfect and fresh for an even longer period of time."
https://www.kotsovolos.gr/household-appliances/fridges/fridge-freezers/303072-ψυγ-κτης-75cm-samsung-rb53dg706cb1ef,Samsung RB53DG706CB1EF,1299.0,EUR,"Samsung smart fridge-freezer, with a total capacity of 538lt, a freezer capacity of 168lt and a storage capacity of 370lt. It has All Around Cooling and SpaceMax technology for more storage space. Use SmartThings to manage the food in your fridge efficiently."
https://www.kotsovolos.gr/household-appliances/fridges/fridge-freezers/281589-ψυγ-κτης-60cm-lg-gbp62pznac-inox,LG GBP62PZNAC Inox,1339.0,EUR,"LG GBP62PZNAC fridge-freezer with Full No Frost cooling type, 384 lt capacity, Door Cooling+ function for faster cooling at the refrigerator door, Fresh Converter drawer for optimal temperature per type of food and linear inverter compressor that reduces temperature fluctuations."
https://www.kotsovolos.gr/household-appliances/fridges/fridge-freezers/251705-ψυγ-κτης-60cm-morris-mrs-31323b-retro-bl,Morris MRS-31323B Retro Black,1349.0,EUR,noFrost fridge-freezer MRS-31320R Retro Red with a total gross capacity of 230lt with a retro design.
https://www.kotsovolos.gr/household-appliances/fridges/fridge-freezers/280364-ψυγ-κτης-70cm-bosch-kgn49aibt-ινοχ,Bosch KGN49AIBT Inox Antifinger 70cm,1349.0,EUR,"The Freestanding Inox Antiﬁnger KGN49AIBT fridge-freezer from Bosch with freezing capacity: 129 lt and cooling capacity: 311 lt fits all your food comfortably and keeps it in the most ideal conditions thanks to MultiAirFlow and VitaFresh XXL technology. The need for defrosting is eliminated thanks to NoFrost technology, while you enjoy enormous flexibility with glass shelves and multi-purpose drawers. It also has an LED light that illuminates the refrigerator evenly."
https://www.kotsovolos.gr/household-appliances/fridges/fridge-freezers/261691-ψυγειο-ντουλαπα-haier-hfw7720enmb,Haier HFW7720ENMB,1349.0,EUR,"Haier HDW3620DNPK 70cm fridge-freezer, Full No Frost technology, total net capacity 477lt, with Air Surround uniform side cooling, Humidity Zone drawer to keep food fresh and LED interior lighting."
https://www.kotsovolos.gr/household-appliances/fridges/fridge-freezers/290913-ψυγ-κτης-60cm-morris-t73379abm-inox,Morris T73379ABM Inox,1369.0,EUR,"Fridge-freezer T73379ABM Inox from Morris, with a net capacity of 378lt, full No Frost, Metal Cooling technology for better food preservation, internal LED lighting and external display for electronic operation control."
https://www.kotsovolos.gr/household-appliances/fridges/fridge-freezers/261690-ψυγειο-ντουλαπα-haier-hfw7720ewmp,Haier HFW7720EWMP,1369.0,EUR,"Haier HFW7720EWMP 70cm fridge-freezer, Full NoFrost technology, total net capacity 477lt, with Humidity Zone drawer to keep food fresh, Easy Access drawers for easy access to frozen food, My Zone function and Daylight LED lighting system."
https://www.kotsovolos.gr/household-appliances/fridges/fridge-freezers/268377-ψυγ-της-86cm-bosch-kgn864ifa-kgn86viea,Bosch KGN86VIEA,1399.0,EUR,Bosch fridge-freezer Full NoFrost technology with VitaFresh to keep everything perfect and fresh for even longer.
https://www.kotsovolos.gr/household-appliances/fridges/fridge-freezers/284314-ψυγ-κτης-60cm-samsung-rb38c7b6as9-ef,Samsung BESPOKE RB38C7B6AS9/EF,1449.0,EUR,"Enjoy the flexibility offered by the BESPOKE fridge-freezer thanks to the SpaceMax technology that gives you more storage space while the twin cooling cooling system guarantees uniform cooling. In addition, the metal surface at the back of the refrigerator preserves the freshness of food."
https://www.kotsovolos.gr/household-appliances/fridges/fridge-freezers/292746-ψυγ-κτης-70cm-haier-htw7720dngb,Haier HTW7720DNGB,1549.0,EUR,"Haier HTW7720DNGB 70cm fridge-freezer, Full No Frost technology, total net capacity 483lt, with Air Surround uniform side cooling, Humidity Zone drawer to keep food fresh and LED interior lighting. It has an external touch screen to see its settings at a glance."
https://www.kotsovolos.gr/household-appliances/fridges/fridge-freezers/281824-ψυγ-κτης-60cm-haier-hdpw5620anpd-inox,Haier HDPW5620ANPD Inox,1799.0,EUR,"Haier Series 5 Pro fridge-freezer with a capacity of 409Lt with Fresher Techs technology for fresher and longer food. Control it remotely via the Hon app, thanks to WiFi connectivity."
https://www.kotsovolos.gr/household-appliances/fridges/fridge-freezers/280148-ψυγ-κτης-60cm-bosch-kgn39aiat-inox,Bosch KGN39AIAT Inox,1799.0,EUR,"Fridge-freezer KGN39AIAT Inox from the Bosch company with a net total capacity of 363lt, Full No Frost technology so you never have to defrost again, VitaFresh XXL storage as well as internal LED lighting to clearly see your food."
https://www.kotsovolos.gr/household-appliances/fridges/fridge-freezers/281968-ψυγ-της-60cm-smeg-fab32lpb5-σιελ-αριστ,Smeg FAB32LPB5 Pastel Blue,2579.0,EUR,"Smeg FAB32LPB5 fridge-freezer in 50's style, total No Frost - double cooling system, automatic defrost, interior lighting and LED display. It also has a left hinge position, fruit and vegetable drawers, 2 adjustable door shelves and 1 bottle holder."
https://www.kotsovolos.gr/household-appliances/fridges/fridge-freezers/276536-ψυγ-κτης-hitachi-90cm-r-wb640vru0-1-gmg,Hitachi R-WB640VRU0-1 GMG,2579.0,EUR,"Fridge-freezer R-WB640VRU0-1 GMG with a total useful capacity of 569lt, Full No Frost cooling type, Dual Fan Cooling cooling system, Quick Freezing & Cooling functions, advanced technology with extra 6Lt vacuum drawer, LED lighting in the maintenance area, electronic temperature control with microcomputer and touch screen with multiple functions."
https://www.kotsovolos.gr/household-appliances/fridges/fridge-freezers/237240-ψυγ-κτης-60cm-liebherr-sbnes-4285,Liebherr SB Nes 4285,3399.0,EUR,"Liebherr SBNes 4285 fridge-freezer with BioFresh and NoFrost functions, inox color, gross capacity 321lt, width 60cm, display screen and WiFi connectivity."
https://www.kotsovolos.gr/household-appliances/fridges/fridge-freezers/304064-ψυγ-κτης-60cm-hisense-rb390n4ace,Hisense RB390N4ACE,499.0,EUR,"Fridge-freezer Hisense RB390N4ACE cooling type Total No Frost and total maintenance capacity 304 lt. In addition, it has Multi Air Flow System technology for uniform cooling and the ability to change the direction of the door."
https://www.kotsovolos.gr/household-appliances/fridges/fridge-freezers/264982-ψυγ-κτης-60cm-whirlpool-w7x-92o-w-h,Whirlpool W7X 92O W H,549.0,EUR,"Whirlpool Total No Frost fridge-freezer with storage capacity of 263 lt and freezing capacity of 104 lt. With a touch screen for easy control and selection of functions, 6th Sense technology that automatically adjusts the temperature and special drawers for preserving fruit, vegetables and meat. Freezes fresh food quickly thanks to the Fast Freezing function."
https://www.kotsovolos.gr/household-appliances/fridges/fridge-freezers/292741-ψυγ-κτης-60cm-samsung-rb34c6b2es9-ef,Samsung BESPOKE RB34C6B2ES9/EF,599.0,EUR,Enjoy the flexibility offered by the RB34C6B2ES9/EF fridge-freezer thanks to the SpaceMax technology that gives you more storage space while the all-around cooling system guarantees uniform cooling.
https://www.kotsovolos.gr/household-appliances/fridges/fridge-freezers/300876-ψυγ-κτης-60cm-tcl-rp318bwe3,TCL RP318BWE3,609.0,EUR,"TCL fridge-freezer with a total capacity of 318L with 3 shelves and Total No Frost technology to relieve you of the need to defrost. It has rapid cooling and freezing, LED lighting and a digital touch screen so you can control its settings with ease."
https://www.kotsovolos.gr/household-appliances/fridges/fridge-freezers/260909-ψυγ-κτης-55cm-liebherr-cufr-2331,Liebherr CUfr 2331,669.0,EUR,"Fridge-freezer CUfr 2331 from the Liebherr company, with SmartFrost cooling technology that significantly reduces the formation of ice. It has a capacity of 210 lt and a relatively low noise level of 39dB."
https://www.kotsovolos.gr/household-appliances/fridges/fridge-freezers/292740-ψυγ-κτης-60cm-samsung-rb38c6b0es9-ef,Samsung BESPOKE RB38C6B0ES9/EF,699.0,EUR,Enjoy the flexibility offered by the RB38C6B0ES9/EF fridge-freezer thanks to the SpaceMax technology that gives you more storage space while the all-around cooling system guarantees uniform cooling.
https://www.kotsovolos.gr/household-appliances/fridges/fridge-freezers/270654-ψυγ-κτης-60cm-liebherr-cnd1853-20-white,Liebherr CND1853-20 White,699.0,EUR,"Liebherr fridge-freezer, which has a No Frost type of cooling to prevent the formation of ice inside, as well as an Easy Fresh drawer to keep your favorite foods even longer. Also, it has a capacity of 330lt so that you can comfortably store your favorite foods."
https://www.kotsovolos.gr/household-appliances/fridges/fridge-freezers/284295-ψυγ-κτης-60cm-samsung-rb38c675dsa-ef,Samsung RB38C675DSA/EF,749.0,EUR,"Enjoy the flexibility offered by the RB38C675DSA/EF fridge-freezer, thanks to the SpaceMax technology that gives you more storage space, while the all-around cooling system guarantees uniform cooling. In addition, the digital inverter compressor guarantees optimal operation and high performance."
https://www.kotsovolos.gr/household-appliances/fridges/fridge-freezers/270653-ψυγ-κτης-60cm-liebherr-cnsfd1853-20-inox,Liebherr CNSFD1853-20 Inox,749.0,EUR,"Liebherr fridge-freezer, which has a No Frost type of cooling to prevent the formation of ice inside, as well as an Easy Fresh drawer to keep your favorite foods even longer. Also, it has a capacity of 330lt so that you can comfortably store your favorite foods."
https://www.kotsovolos.gr/household-appliances/fridges/fridge-freezers/260902-ψυγ-κτης-60cm-liebherr-cnd-5203,Liebherr CNd 5203,749.0,EUR,"Fridge-freezer CNd 5203 from the Liebherr company, which has a No Frost type of cooling to prevent the formation of ice inside, as well as an Easy Fresh drawer to keep your favorite foods even longer. Also, it has a capacity of 330lt so that you can comfortably store your favorite foods."
https://www.kotsovolos.gr/household-appliances/fridges/fridge-freezers/281129-ψυγ-κτης-70cm-morris-t73417εβν-inox,Morris T73417ΕΒΝ Inox,759.0,EUR,"Fridge-freezer T73417EBN Inox from Morris, with a net capacity of 417lt, full No Frost, Multi Air Cooling technology, for better food preservation, internal LED lighting and external screen for electronic operation control."
https://www.kotsovolos.gr/household-appliances/fridges/fridge-freezers/284297-ψυγ-κτης-60cm-samsung-rb38c776ds9-ef,Samsung RB38C776DS9/EF,769.0,EUR,"Enjoy the flexibility offered by the RB34C671DSA/EF fridge-freezer, thanks to the SpaceMax technology that gives you more storage space, while the all-around cooling system guarantees uniform cooling. In addition, the digital inverter compressor guarantees optimal operation and high performance."
https://www.kotsovolos.gr/household-appliances/fridges/fridge-freezers/305555-ψυγειοκαταψυκτης-hisense-rb645n4bce,Hisense RB645N4BCE,769.0,EUR,"Fridge-freezer RB645N4BCE Full No Frost, with a total capacity of 495lt, Fresh Zone freshness drawer, Multi Air Flow, Eco Mode and open door notification."
https://www.kotsovolos.gr/household-appliances/fridges/fridge-freezers/292361-ψυγ-κτης-60cm-lg-gbv3100dep,LG GBV3100DEP,799.0,EUR,"Fridge-freezer GBV3100DEP from the LG company, with a net total capacity of 344 liters, Full No Frost to avoid ice accumulation, DoorCooling+, Multi Air Flow for multiple air flow, FRESHConverter to keep your meat, fish and vegetables in excellent condition respectively. In addition, the noise level of the Smart Inverter Compressor at 35dB offers quiet operation."
https://www.kotsovolos.gr/household-appliances/fridges/fridge-freezers/260900-ψυγ-κτης-60cm-liebherr-cnd-5223,Liebherr CNd 5223,799.0,EUR,"Fridge-freezer CNd 5223 from the Liebherr company, which has a No Frost cooling type to prevent ice formation inside, as well as an Easy Fresh drawer to keep your favorite foods even longer. Also, it has a capacity of 330lt so that you can comfortably store your favorite foods."
https://www.kotsovolos.gr/household-appliances/fridges/fridge-freezers/260901-ψυγ-κτης-60cm-liebherr-cnsfd-5203,Liebherr CNsfd 5203,799.0,EUR,"CNsfd 5203 fridge-freezer from the Liebherr company, which has a No Frost cooling type to prevent ice formation inside, as well as an Easy Fresh drawer to keep your favorite foods even longer. Also, it has a capacity of 330lt so that you can comfortably store your favorite foods."
https://www.kotsovolos.gr/household-appliances/fridges/fridge-freezers/260890-ψυγ-κτης-60cm-liebherr-cnd-5703,Liebherr CNd 5703,799.0,EUR,"Fridge-freezer CNd 5703, capacity 371 lt with EasyFresh and NoFrost for fresh food without unwanted ice formation."
https://www.kotsovolos.gr/household-appliances/fridges/fridge-freezers/260887-liebherr-cnd-5723,Liebherr CNd 5723,849.0,EUR,"Fridge-freezer CNd 5723, capacity 371 lt with EasyFresh and NoFrost for fresh food without unwanted ice formation."
https://www.kotsovolos.gr/household-appliances/fridges/fridge-freezers/260889-ψυγ-κτης-60cm-liebherr-cnsfd-5703,Liebherr CNsfd 5703,849.0,EUR,"Fridge-freezer CNsfd 5703, capacity 371 lt with EasyFresh and NoFrost for fresh food without unwanted ice formation."
https://www.kotsovolos.gr/household-appliances/fridges/fridge-freezers/260899-ψυγ-κτης-60cm-liebherr-cnsfd-5223,Liebherr CNsfd 5223,859.0,EUR,"Fridge-freezer CNsfd 5223 from the Liebherr company, with a capacity of 330L, to comfortably store both your fresh and frozen food. It has a No Frost type of cooling, so that no ice forms inside it, and an efficient PowerCooling system, for an even distribution of air. Finally, the EasyFresh drawer preserves unpackaged fruit, vegetables and nuts for even longer."
https://www.kotsovolos.gr/household-appliances/fridges/fridge-freezers/292159-ψυγ-κτης-60cm-lg-gbv7280dpy,LG GBV7280DPY,869.0,EUR,"LG GBV7280DPY Full No Frost fridge-freezer with a total net capacity of 387lt with uniform Multi Air Flow cooling, FRESHConverter technology that keeps your food fresh and an Inverter Compressor motor."
https://www.kotsovolos.gr/household-appliances/fridges/fridge-freezers/284296-ψυγ-κτης-60cm-samsung-rb38c775csr-ef,Samsung RB38C775CSR/EF,879.0,EUR,"Enjoy the flexibility offered by the RB38C675DSA/EF fridge-freezer, thanks to the SpaceMax technology that gives you more storage space, while the all-around cooling system guarantees uniform cooling. In addition, the digital inverter compressor guarantees optimal operation and high performance."
https://www.kotsovolos.gr/household-appliances/fridges/fridge-freezers/233480-ψυγ-κτης-hitachi-60cm-rbg411pru0gbk-bl,Hitachi RBG411PRU0GBK Black,899.0,EUR,"No Frost fridge-freezer with a net capacity of 330 liters with an inverter compressor, a Nano Titanium filter and the ability to change the direction of the door."
https://www.kotsovolos.gr/household-appliances/fridges/fridge-freezers/291653-ψυγ-κτης-hitachi-r-bgx411pru0-1(gbk),Hitachi R-BGX411PRU0-1 Glass Black,899.0,EUR,"Hitachi inverter technology fridge-freezer with deep and spacious freezer drawers. It has two separate fans that circulate cold air independently to each part of the refrigerator and quiet operation. The Fresh Select area gives you the opportunity to store cold meats or vegetables according to your wishes, in the ideal conditions."
https://www.kotsovolos.gr/household-appliances/fridges/fridge-freezers/284310-ψυγ-κτης-60cm-samsung-rb38c7b5db1-ef,Samsung BESPOKE RB38C7B5DB1/EF,899.0,EUR,"Enjoy the flexibility offered by the BESPOKE fridge-freezer thanks to the SpaceMax technology that gives you more storage space while the all-around cooling system guarantees uniform cooling. In addition, the metal surface at the back of the refrigerator preserves the freshness of food."
https://www.kotsovolos.gr/household-appliances/fridges/fridge-freezers/260886-liebherr-cnsfd-5723,Liebherr CNsfd 5723,899.0,EUR,"Fridge-freezer CNsfd 5723, capacity 371 lt with EasyFresh and NoFrost for fresh food without unwanted ice formation."
https://www.kotsovolos.gr/household-appliances/fridges/fridge-freezers/265212-ψυγ-κτης-70cm-pitsos-pknb56xlep,Pizza PKNB56XLEP,899.0,EUR,"Pitsos PKNB56XLEP freestanding fridge-freezer with Full No Frost technology, which effectively prevents the accumulation of ice in the freezer by reducing the humidity level. Glass shelves, Extra Cold and Extra Fresh drawers that provide durability as well as elegance."
https://www.kotsovolos.gr/household-appliances/fridges/fridge-freezers/260896-ψυγ-κτης-60cm-liebherr-cnsfd-5233,Liebherr CNsfd 5233,899.0,EUR,"Fridge-freezer CNsfd 5233, capacity 330 lt with EasyFresh and NoFrost for fresh food without unwanted ice formation."
https://www.kotsovolos.gr/household-appliances/fridges/fridge-freezers/260898-ψυγ-κτης-60cm-liebherr-cnsdd-5223,Liebherr CNsdd 5223,899.0,EUR,"CNsdd 5223 fridge-freezer, 330 lt capacity with EasyFresh and NoFrost for fresh food without unwanted ice formation."
https://www.kotsovolos.gr/household-appliances/fridges/fridge-freezers/260885-liebherr-cnsdd-5723,Liebherr CNsdd 5723,929.0,EUR,"Fridge-freezer CNsdd 5723, capacity 371 lt with EasyFresh and NoFrost for fresh food without unwanted ice formation."
https://www.kotsovolos.gr/household-appliances/fridges/fridge-freezers/260879-liebherr-cnd-5734,Liebherr CNd 5734,949.0,EUR,"Fridge-freezer CNd 5734, capacity 359 lt with EasyFresh and NoFrost for fresh food without unwanted ice formation."
https://www.kotsovolos.gr/household-appliances/fridges/fridge-freezers/260869-ψυγ-κτης-60cm-liebherr-cbnsfd-5223,Liebherr CBNsfd 5223,949.0,EUR,"Fridge-freezer CBNsfd 5223, capacity 320 lt with BioFresh and NoFrost to keep your food fresh without being covered by ice."
https://www.kotsovolos.gr/household-appliances/fridges/fridge-freezers/260870-ψυγ-κτης-60cm-liebherr-cbnd-5223,Liebherr CBNd 5223,959.0,EUR,"Fridge-freezer CBNd 5223, capacity 320 lt with BioFresh and NoFrost to keep your food fresh without being covered by ice."
https://www.kotsovolos.gr/household-appliances/fridges/fridge-freezers/272863-ψυγ-κτης-60cm-liebherr-bnbbd-5223,Liebherr CBNbbd 5223,999.0,EUR,"Liebherr CBNbbd 5223 BioFresh NoFrost fridge-freezer, with a gross capacity of 339lt and with BioFresh technology that provides the ideal humidity for fruit, vegetables, meat and fish."
https://www.kotsovolos.gr/household-appliances/fridges/fridge-freezers/272864-ψυγ-κτης-60cm-liebherr-cbnpcd-5223,Liebherr CBNpcd 5223,999.0,EUR,"Fridge-freezer CBNpcd 5223 from the Liebherr company, which has a No Frost cooling type to prevent ice formation inside, as well as drawers to keep your favorite foods even longer. Also, it has a capacity of 320lt so that you can comfortably store your favorite foods."
https://www.kotsovolos.gr/household-appliances/fridges/fridge-freezers/272865-ψυγ-κτης-60cm-liebherr-cnbbd-5723,Liebherr CNbbd 5723,999.0,EUR,"Fridge-freezer CNbbd 5723 from the Liebherr company with a total capacity of 371lt, NoFrost cooling type to avoid ice accumulation, EasyFresh drawer to store your fruits and vegetables, Duo Cooling as well as a touch screen for maximum comfort and convenience."
https://www.kotsovolos.gr/household-appliances/fridges/fridge-freezers/272866-ψυγ-κτης-60cm-liebherr-cnpcd-5723,Liebherr CNpcd 5723,999.0,EUR,"Fridge-freezer CNpcd 5723 from the Liebherr company, which has a No Frost cooling type to prevent ice formation inside, as well as drawers to keep your favorite foods even longer. Also, it has a capacity of 371lt so that you can comfortably store your favorite foods."
https://www.kotsovolos.gr/household-appliances/fridges/fridge-freezers/260866-liebherr-cbnsfd-5733,Liebherr CBNsfd 5733,999.0,EUR,"Fridge-freezer CBNsfd 5733, capacity 371 lt with EasyFresh and NoFrost for fresh food without unwanted ice formation."
https://www.kotsovolos.gr/household-appliances/fridges/fridge-freezers/260878-liebherr-cnsfd-5734,Liebherr CNsfd 5734,999.0,EUR,"Fridge-freezer CNsfd 5734, capacity 359 lt with EasyFresh and NoFrost for fresh food without unwanted ice formation."
https://www.kotsovolos.gr/household-appliances/fridges/fridge-freezers/260868-ψυγ-κτης-60cm-liebherr-cbnd-5723,Liebherr CBNd 5723,999.0,EUR,"Fridge-freezer CBNd 5723, capacity 360 lt with BioFresh and NoFrost to keep your food fresh without being covered by ice."
https://www.kotsovolos.gr/household-appliances/fridges/fridge-freezers/260867-liebherr-cbnsfd-5723,Liebherr CBNsfd 5723,1049.0,EUR,"CBNsfd 5723 fridge-freezer, 360 lt capacity with BioFresh and NoFrost to keep your food fresh without being covered by ice."
https://www.kotsovolos.gr/household-appliances/fridges/fridge-freezers/260876-liebherr-cnd-5743,Liebherr CNd 5743,1049.0,EUR,"Fridge-freezer CNd 5743, capacity 372 lt with EasyFresh and NoFrost for fresh food without unwanted ice formation."
https://www.kotsovolos.gr/household-appliances/fridges/fridge-freezers/260895-ψυγ-κτης-60cm-liebherr-cnd-5253,Liebherr CNd 5253,1049.0,EUR,"Fridge-freezer CNd 5253, capacity 331 lt with EasyFresh and NoFrost for fresh food without unwanted ice formation."
https://www.kotsovolos.gr/household-appliances/fridges/fridge-freezers/260897-ψυγ-κτης-60cm-liebherr-cnsdc-5223,Liebherr CNsdc 5223,1049.0,EUR,"Fridge-freezer CNsdc 5223, capacity 330 lt with EasyFresh and NoFrost for fresh food without unwanted ice formation."
https://www.kotsovolos.gr/household-appliances/fridges/fridge-freezers/303071-ψυγ-κτης-75cm-samsung-rb53dg703ds9ef,Samsung RB53DG703DS9EF,1049.0,EUR,"Samsung smart fridge-freezer, with a total capacity of 538lt, a freezer capacity of 168lt and a storage capacity of 370lt. It has All Around Cooling and SpaceMax technology for more storage space. Use SmartThings to manage the food in your fridge efficiently."
https://www.kotsovolos.gr/household-appliances/fridges/fridge-freezers/260881-ψυγ-κτης-60cm-liebherr-cnbdd-5733,Liebherr CNbdd 5733,1059.0,EUR,"Fridge-freezer CNbdd 5733, capacity 371 lt with EasyFresh and NoFrost for fresh food without unwanted ice formation."
https://www.kotsovolos.gr/household-appliances/fridges/fridge-freezers/260894-ψυγ-κτης-60cm-liebherr-cnsdd-5253,Liebherr CNsdd 5253,1149.0,EUR,"Fridge-freezer CNsdd 5253, capacity 331 lt with EasyFresh and NoFrost for fresh food without unwanted ice formation."
https://www.kotsovolos.gr/household-appliances/fridges/fridge-freezers/260875-liebherr-cnsfd-5743,Liebherr CNsfd 5743,1199.0,EUR,"Fridge-freezer CNsfd 5743, capacity 371 lt with EasyFresh and NoFrost for fresh food without unwanted ice formation."
https://www.kotsovolos.gr/household-appliances/fridges/fridge-freezers/260880-liebherr-cnbdc-5733,Liebherr CNbdc 5733,1199.0,EUR,"Fridge-freezer CNbdc 5733, capacity 371 lt with EasyFresh and NoFrost for fresh food without unwanted ice formation."
https://www.kotsovolos.gr/household-appliances/fridges/fridge-freezers/260884-liebherr-cngwd-5723,Liebherr CNgwd 5723,1249.0,EUR,"Fridge-freezer CNgwd 5723, capacity 371 lt with EasyFresh and NoFrost for fresh food without unwanted ice formation."
https://www.kotsovolos.gr/household-appliances/fridges/fridge-freezers/286643-ψυγ-κτης-60cm-lg-gbb72mbubn,LG GBB72MBUBN,1269.0,EUR,"Fridge-freezer LG GBB72MBUBN with Full No Frost function, DoorCooling+, FRESHConverter technology, Multi Air Flow and silent motor."
https://www.kotsovolos.gr/household-appliances/fridges/fridge-freezers/260874-liebherr-cnsdd-5753,Liebherr CNsdd 5753,1319.0,EUR,"Fridge-freezer CNsdd 5753, capacity 372 lt with EasyFresh and NoFrost for fresh food without unwanted ice formation."
https://www.kotsovolos.gr/household-appliances/fridges/fridge-freezers/260873-liebherr-cnsdb-5753,Liebherr CNsdb 5753,1369.0,EUR,"Fridge-freezer CNsdb 5753, capacity 372 lt with EasyFresh and NoFrost for fresh food without unwanted ice formation."
https://www.kotsovolos.gr/household-appliances/fridges/fridge-freezers/260871-ψυγ-κτης-70cm-liebherr-cn-5735,Liebherr CN 5735 70cm,1369.0,EUR,"Fridge-freezer CN 5735, capacity 410 lt with BioCool and NoFrost to regulate the temperature in the refrigerator to preserve fruit and vegetables without unwanted ice formation."
https://www.kotsovolos.gr/household-appliances/fridges/fridge-freezers/214997-liebherr-cnef-5735-comfort-nofrost,Liebherr CNef 5735 Comfort NoFrost,1439.0,EUR,Liebherr CNef 5735 Comfort NoFrost fridge-freezer with NoFrost cooling technology and a gross capacity of 402 lt.
https://www.kotsovolos.gr/household-appliances/fridges/fridge-freezers/261161-ψυγ-κτης-liebherr-scnsdd-5253-617-ινοχ,Liebherr SCNsdd 5253 Prime NoFrost,1599.0,EUR,"Liebherr SCNsdd 5253 fridge-freezer with EasyFresh and NoFrost functions, inox color, gross capacity 331lt, width 60cm, touch screen display and with Duo Cooling for perfect air flow so that your food does not dry out."
https://www.kotsovolos.gr/household-appliances/fridges/fridge-freezers/261162-ψυγ-κτης-liebherr-scnsdd-5253-001-ινοχ,Liebherr SCNsdd 5253,1599.0,EUR,"Fridge-freezer SCNsdd 5253 with a capacity of 331lt, with two cooling circuits that can be adjusted completely separately and with EasyFresh technology that provides the ideal humidity for fruit, vegetables, meat and fish."
https://www.kotsovolos.gr/household-appliances/fridges/fridge-freezers/260872-ψυγ-κτης-60cm-liebherr-cnsdd-5763,Liebherr CNsdd 5763,1599.0,EUR,"Fridge-freezer CNsdd 5763, capacity 373 lt with EasyFresh and NoFrost for fresh food without unwanted ice formation."
https://www.kotsovolos.gr/household-appliances/fridges/fridge-freezers/279804-ψυγ-κτη-gdice-giglio-negative-int-inox,Gdice Giglio Negative Int Inox,1689.0,EUR,"Showcase fridge-freezer with a capacity of 63 liters, suitable for drinks and fruit juices, with a negative temperature, suitable for packaged ice creams. Great visibility of the product inside, with special glass to prevent fogging."
https://www.kotsovolos.gr/household-appliances/fridges/fridge-freezers/260865-liebherr-cbnsdc-5753,Liebherr CBNsdc 5753,1799.0,EUR,"Fridge-freezer CBNsdc 5753, capacity 371 lt with EasyFresh and NoFrost for fresh food without unwanted ice formation."
https://www.kotsovolos.gr/household-appliances/fridges/fridge-freezers/297204-ψυγeio-κτης-60cm-lg-gbb92mbb3p,LG GBB92MBB3P,1959.0,EUR,"Fridge-freezer LG GBB72TW9DQ Full No Frost, total capacity 381 lt with FRESHBalancer technology that maintains humidity, FRESHConverter, folding shelf for storing large items and DoorCooling+ for uniform cooling."
https://www.kotsovolos.gr/household-appliances/fridges/fridge-freezers/260864-ψυγ-κτης-60cm-liebherr-cbnbsd-576i,Liebherr CBNbsd 576i,2129.0,EUR,"CBNbsd 576i fridge-freezer, 362 lt capacity with BioFresh and NoFrost to keep your food fresh without being covered by ice."
https://www.kotsovolos.gr/household-appliances/fridges/fridge-freezers/260862-ψυγ-κτης-70cm-liebherr-cbnbe-5775,Liebherr CBNbe 5775,2449.0,EUR,"CBNbe 5775 fridge-freezer, 392 lt capacity with BioFresh and NoFrost to keep your food fresh without being covered by ice."
https://www.kotsovolos.gr/household-appliances/fridges/fridge-freezers/260861-liebherr-cbnes-5775,Liebherr CBNe 5775,2519.0,EUR,"Fridge-freezer Liebherr CBNes 6256, capacity 392 lt with BioFresh and NoFrost to keep your food fresh without being covered by ice."
https://www.kotsovolos.gr/household-appliances/fridges/fridge-freezers/216805-liebherr-cbnbe-5778-70cm,Liebherr CBNbe 5778 Premium BioFresh NoFrost,2529.0,EUR,"CBNbe 5778 Premium BioFresh NoFrost fridge-freezer, with a gross capacity of 433lt and with BioFresh technology that provides the ideal humidity for fruit, vegetables, meat and fish."
https://www.kotsovolos.gr/household-appliances/fridges/fridge-freezers/281965-ψυγ-της-60cm-smeg-fab32lbl5-blk-αριστ,Smeg FAB32LBL5 Black,2579.0,EUR,"Smeg FAB32LBL5 fridge-freezer in 50's style, total No Frost - double cooling system, automatic defrost, interior lighting and LED display. It also has a left hinge position, fruit and vegetable drawers, 2 adjustable door shelves and 1 bottle holder."
https://www.kotsovolos.gr/household-appliances/fridges/fridge-freezers/281966-ψυγ-της-60cm-smeg-fab32lcr5-beige-αριστ,Smeg FAB32LCR5 Beige,2579.0,EUR,"Smeg FAB32LCR5 fridge-freezer in 50's style, total No Frost - double cooling system, automatic defrost, interior lighting and LED display. It also has a left hinge position, fruit and vegetable drawers, 2 adjustable door shelves and 1 bottle holder."
https://www.kotsovolos.gr/household-appliances/fridges/fridge-freezers/281967-ψυγ-της-60cm-smeg-fab32lor5-orng-αριστ,Smeg FAB32LOR5 Orange,2579.0,EUR,"Smeg FAB32LOR5 fridge-freezer in 50's style, total No Frost - double cooling system, automatic defrost, interior lighting and LED display. It also has a left hinge position, fruit and vegetable drawers, 2 adjustable door shelves and 1 bottle holder."
https://www.kotsovolos.gr/household-appliances/fridges/fridge-freezers/281969-ψυγ-της-60cm-smeg-fab32lpg5-φυστικι-αρ,Smeg FAB32LPG5 Pastel Green,2579.0,EUR,"Smeg FAB32LPG5 fridge-freezer in 50's style, total No Frost - double cooling system, automatic defrost, interior lighting and LED display. It also has a left hinge position, fruit and vegetable drawers, 2 adjustable door shelves and 1 bottle holder."
https://www.kotsovolos.gr/household-appliances/fridges/fridge-freezers/282000-ψυγ-της-60cm-smeg-fab32lpk5-pink-αριστ,Smeg FAB32LPK5 Pink,2579.0,EUR,"Smeg FAB32LPK5 fridge-freezer in 50's style, total No Frost - double cooling system, automatic defrost, interior lighting and LED display. It also has a left hinge position, fruit and vegetable drawers, 2 adjustable door shelves and 1 bottle holder."
https://www.kotsovolos.gr/household-appliances/fridges/fridge-freezers/282001-ψυγ-της-60cm-smeg-fab32lrd5-red-αριστ,Smeg FAB32LRD5 Red,2579.0,EUR,"Smeg FAB32LRD5 fridge-freezer in 50's style, total No Frost - double cooling system, automatic defrost, interior lighting and LED display. It also has a left hinge position, fruit and vegetable drawers, 2 adjustable door shelves and 1 bottle holder."
https://www.kotsovolos.gr/household-appliances/fridges/fridge-freezers/282004-ψυγ-της-60cm-smeg-fab32rbe5-60-blue-δεξι,Smeg FAB32RBE5 Blue,2579.0,EUR,"Smeg FAB32RBE5 fridge-freezer in 50's style, total No Frost - double cooling system, automatic defrost, interior lighting and LED display. It also has a right hinge position, fruit and vegetable drawers, 2 adjustable door shelves and 1 bottle holder."
https://www.kotsovolos.gr/household-appliances/fridges/fridge-freezers/282005-ψυγ-της-60cm-smeg-fab32rbl5-blk-δεξι,Smeg FAB32RBL5 Black,2579.0,EUR,"Smeg FAB32RBL5 fridge-freezer in 50's style, total No Frost - double cooling system, automatic defrost, interior lighting and LED display. It also has a right hinge position, fruit and vegetable drawers, 2 adjustable door shelves and 1 bottle holder."
https://www.kotsovolos.gr/household-appliances/fridges/fridge-freezers/282006-ψυγ-της-60cm-smeg-fab32rcr5-beige-δεξι,Smeg FAB32RCR5 Beige,2579.0,EUR,"Smeg FAB32RCR5 fridge-freezer in 50's style, total No Frost - double cooling system, automatic defrost, interior lighting and LED display. It also has a right hinge position, fruit and vegetable drawers, 2 adjustable door shelves and 1 bottle holder."
https://www.kotsovolos.gr/household-appliances/fridges/fridge-freezers/282007-ψυγ-της-60cm-smeg-fab32rli5-lime-δεξι,Smeg FAB32RLI5 Lime,2579.0,EUR,"Smeg FAB32RLI5 fridge-freezer in 50's style, total No Frost - double cooling system, automatic defrost, interior lighting and LED display. It also has a right hinge position, fruit and vegetable drawers, 2 adjustable door shelves and 1 bottle holder."
https://www.kotsovolos.gr/household-appliances/fridges/fridge-freezers/282008-ψυγ-της-60cm-smeg-fab32ror5-orng-δεξι,Smeg FAB32ROR5 Orange,2579.0,EUR,"Smeg FAB32ROR5 fridge-freezer in 50's style, total No Frost - double cooling system, automatic defrost, interior lighting and LED display. It also has a right hinge position, fruit and vegetable drawers, 2 adjustable door shelves and 1 bottle holder."
https://www.kotsovolos.gr/household-appliances/fridges/fridge-freezers/282009-ψυγ-της-60cm-smeg-fab32rpb5-σιελ-δεξι,Smeg FAB32RPB5 Σιελ,2579.0,EUR,"Smeg FAB32RPB5 fridge-freezer in 50's style, total No Frost - double cooling system, automatic defrost, interior lighting and LED display. It also has a right hinge position, fruit and vegetable drawers, 2 adjustable door shelves and 1 bottle holder."
https://www.kotsovolos.gr/household-appliances/fridges/fridge-freezers/282010-ψυγ-της-60cm-smeg-fab32rpg5-φυστικι-δεξι,Smeg FAB32RPG5 Peanut,2579.0,EUR,"Smeg FAB32RPG5 fridge-freezer in 50's style, total No Frost - double cooling system, automatic defrost, interior lighting and LED display. It also has a right hinge position, fruit and vegetable drawers, 2 adjustable door shelves and 1 bottle holder."
https://www.kotsovolos.gr/household-appliances/fridges/fridge-freezers/282011-ψυγ-της-60cm-smeg-fab32rpk5-pink-δεξι,Smeg FAB32RPK5 Pink,2579.0,EUR,"Smeg FAB32RPK5 fridge-freezer in 50's style, total No Frost - double cooling system, automatic defrost, interior lighting and LED display. It also has a right hinge position, fruit and vegetable drawers, 2 adjustable door shelves and 1 bottle holder."
https://www.kotsovolos.gr/household-appliances/fridges/fridge-freezers/282012-ψυγ-της-60cm-smeg-fab32rrd5-60-red-δεξι,Smeg FAB32RRD5 Red,2579.0,EUR,"Smeg FAB32RRD5 fridge-freezer in 50's style, total No Frost - double cooling system, automatic defrost, interior lighting and LED display. It also has a right hinge position, fruit and vegetable drawers, 2 adjustable door shelves and 1 bottle holder."
https://www.kotsovolos.gr/household-appliances/fridges/fridge-freezers/276535-ψυγ-κτης-hitachi-90cm-r-wb640vru0-1-gbk,Hitachi R-WB640VRU0-1 GBK,2579.0,EUR,"Fridge-freezer R-WB640VRU0-1 GBK with a total useful capacity of 569lt, Full No Frost cooling type, Dual Fan Cooling cooling system, Quick Freezing & Cooling functions, advanced technology with extra 6Lt vacuum drawer, LED lighting in the maintenance area, electronic temperature control with microcomputer and touch screen with multiple functions."
https://www.kotsovolos.gr/household-appliances/fridges/fridge-freezers/282003-ψυγ-της-60cm-smeg-fab32lwh5-60-white-αρ,Smeg FAB32LWH5 White,2589.0,EUR,"Smeg FAB32LWH5 fridge-freezer in 50's style, total No Frost - double cooling system, automatic defrost, interior lighting and LED display. It also has a left hinge position, fruit and vegetable drawers, 2 adjustable door shelves and 1 bottle holder."
https://www.kotsovolos.gr/household-appliances/fridges/fridge-freezers/282014-ψυγ-της-60cm-smeg-fab32rwh5-60-wh-δεξι,Smeg FAB32RWH5 White,2589.0,EUR,"Smeg FAB32RWH5 fridge-freezer in 50's style, total No Frost - double cooling system, automatic defrost, interior lighting and LED display. It also has a right hinge position, fruit and vegetable drawers, 2 adjustable door shelves and 1 bottle holder."
https://www.kotsovolos.gr/household-appliances/fridges/fridge-freezers/282002-ψυγ-της-60cm-smeg-fab32lsv5-slv-αριστ,Smeg FAB32LSV5 Silver,2749.0,EUR,"Smeg FAB32LSV5 fridge-freezer in 50's style, total No Frost - double cooling system, automatic defrost, interior lighting and LED display. It also has a left hinge position, fruit and vegetable drawers, 2 adjustable door shelves and 1 bottle holder."
https://www.kotsovolos.gr/household-appliances/fridges/fridge-freezers/261155-liebherr-sbnsdd-5264,Liebherr SBNsdd 5264,2799.0,EUR,"Liebherr SBNsdd 5264 fridge-freezer with BioFresh and NoFrost functions, inox color, gross capacity 313lt, width 60cm, display screen and with ice maker with fixed water connection."
https://www.kotsovolos.gr/household-appliances/fridges/fridge-freezers/282013-ψυγ-της-60cm-smeg-fab32rsv5-60-silv-δεξι,Smeg FAB32RSV5 Silver,2819.0,EUR,"Smeg FAB32RSV5 fridge-freezer in 50's style, total No Frost - double cooling system, automatic defrost, interior lighting and LED display. It also has a right hinge position, fruit and vegetable drawers, 2 adjustable door shelves and 1 bottle holder."
https://www.kotsovolos.gr/household-appliances/fridges/fridge-freezers/282015-ψυγ-της-70cm-smeg-fab38lbl5-blk-αριστ,Smeg FAB38LBL5 Black,3039.0,EUR,"SMEG FAB38 Full No Frost fridge-freezer, total capacity 481 lt, with Active Ion system and Multiflow technology to keep food fresh for longer. With digital LED display, audible and visual door open notification and manual ice maker."
https://www.kotsovolos.gr/household-appliances/fridges/fridge-freezers/282016-ψυγ-της-70cm-smeg-fab38lcr5-beige-αριστ,Smeg FAB38LCR5 Beige,3039.0,EUR,"SMEG FAB38 Full No Frost fridge-freezer, total capacity 481 lt, with Active Ion system and Multiflow technology to keep food fresh for longer. With digital LED display, audible and visual door open notification and manual ice maker."
https://www.kotsovolos.gr/household-appliances/fridges/fridge-freezers/282017-ψυγ-της-70cm-smeg-fab38rbl5-bkl-δεξι,Smeg FAB38RBL5 Black,3039.0,EUR,"SMEG FAB38 Full No Frost fridge-freezer, total capacity 481 lt, with Active Ion system and Multiflow technology to keep food fresh for longer. With digital LED display, audible and visual door open notification and manual ice maker."
https://www.kotsovolos.gr/household-appliances/fridges/fridge-freezers/282018-ψυγ-της-70cm-smeg-fab38rcr5-beige-δεξι,Smeg FAB38RCR5 Beige,3039.0,EUR,"SMEG FAB38 Full No Frost fridge-freezer, total capacity 481 lt, with Active Ion system and Multiflow technology to keep food fresh for longer. With digital LED display, audible and visual door open notification and manual ice maker."
https://www.kotsovolos.gr/household-appliances/fridges/fridge-freezers/282019-ψυγ-της-70cm-smeg-fab38rpb5-σιελ-δεξι,Smeg FAB38RPB5 Pastel Blue,3039.0,EUR,"SMEG FAB38 Full No Frost fridge-freezer, total capacity 481 lt, with Active Ion system and Multiflow technology to keep food fresh for longer. With digital LED display, audible and visual door open notification and manual ice maker."
https://www.kotsovolos.gr/household-appliances/fridges/fridge-freezers/282020-ψυγ-της-70cm-smeg-fab38rpg5-φιστικι-δεξι,Smeg FAB38RPG5 Pastel Green,3039.0,EUR,"SMEG FAB38 Full No Frost fridge-freezer, total capacity 481 lt, with Active Ion system and Multiflow technology to keep food fresh for longer. With digital LED display, audible and visual door open notification and manual ice maker."
https://www.kotsovolos.gr/household-appliances/fridges/fridge-freezers/282021-ψυγ-της-70cm-smeg-fab38rrd5-red-δεξι,Smeg FAB38RRD5 Red,3039.0,EUR,"SMEG FAB38 Full No Frost fridge-freezer, total capacity 481 lt, with Active Ion system and Multiflow technology to keep food fresh for longer. With digital LED display, audible and visual door open notification and manual ice maker."
https://www.kotsovolos.gr/household-appliances/fridges/fridge-freezers/282022-ψυγ-της-70cm-smeg-fab38rwh5-white-δεξι,Smeg FAB38RWH5 White,3039.0,EUR,"SMEG FAB38 Full No Frost fridge-freezer, total capacity 481 lt, with Active Ion system and Multiflow technology to keep food fresh for longer. With digital LED display, audible and visual door open notification and manual ice maker."
https://www.kotsovolos.gr/household-appliances/fridges/fridge-freezers/277929-ψυ-της-60cm-united-ucs-3164m-silver,United UCS-3164M Silver,239.0,EUR,The United UCS-3164M fridge-freezer 60 cm wide has a gross capacity of up to 259lt transparent has a bottle holder on the door and transparent drawers ideal for storing fruit and vegetables.
https://www.kotsovolos.gr/household-appliances/fridges/fridge-freezers/299013-ψυγειοκαταψυκτης-davoline-cswf-300e-w,Davoline CSWF 300E W,409.0,EUR,"Davoline fridge-freezer with a capacity of 293 liters Total No frost with a slim design. It has Super Freezing, Multi Airflow System & antibacterial filter to limit refrigerator odors."
https://www.kotsovolos.gr/household-appliances/fridges/fridge-freezers/238921-ψυγ-κτης-60cm-hisense-rb390n4ac20,Hisense RB390N4AC20,499.0,EUR,"Hisense RB390N4AC20 fridge-freezer with Total No Frost cooling type, 300lt gross capacity and possibility to change door direction."
https://www.kotsovolos.gr/household-appliances/fridges/fridge-freezers/270244-ψυγ-κτης-60cm-hisense-rb390n4bfe1-black,Hisense RB390N4BFE1 Black,499.0,EUR,"Hisense RB390N4BFE1 fridge-freezer with No Frost cooling type and 207lt storage capacity. In addition, it has Multi Air Flow System technology for uniform cooling and the ability to change the direction of the door."
https://www.kotsovolos.gr/household-appliances/fridges/fridge-freezers/217385-pitsos-pknb36nwe0-60cm,Pizza PKNPx6NWE0,519.0,EUR,"Pitsos PKNB36NWE0 freestanding fridge-freezer of 60 cm, white color and total gross capacity 329lt."
https://www.kotsovolos.gr/household-appliances/fridges/fridge-freezers/214342-grundig-gkn26240xn,Thorough GKN26240XN,629.0,EUR,60 cm fridge-freezer with VitaminCare zone that keeps your food fresh and with blue light that keeps its nutrients intact.
https://www.kotsovolos.gr/household-appliances/fridges/fridge-freezers/264988-ψυγ-κτης-60cm-whirlpool-w7x-82o-w,Whirlpool W7X 82O W,629.0,EUR,"Whirlpool Total No Frost fridge-freezer with storage capacity of 231 lt and freezing capacity of 104 lt. With a touch screen for easy control and selection of functions, 6th Sense technology that automatically adjusts the temperature and special drawers for preserving fruit, vegetables and meat. Freezes fresh food quickly thanks to the Fast Freezing function."
https://www.kotsovolos.gr/household-appliances/fridges/fridge-freezers/284312-ψυγ-κτης-60cm-samsung-rb38c603cs9-ef,Samsung RB38C603CS9/EF,649.0,EUR,"Enjoy the flexibility offered by the RB38C603CS9/EF fridge-freezer thanks to the SpaceMax technology that gives you more storage space while the all-around cooling system guarantees uniform cooling. In addition, the metal surface at the back of the refrigerator preserves the freshness of food."
https://www.kotsovolos.gr/household-appliances/fridges/fridge-freezers/259191-ψυγ-κτης-60cm-hoover-hoce4t618eb,Hoover HOCE4T618EB,649.0,EUR,"The new range of Hoover fridge-freezers has been specially designed to offer a large internal capacity with maximum interior configuration flexibility. The possibility of multiple settings to personalize the positions of the shelves and cases, offers maximum ergonomics that adapts to your own needs."
https://www.kotsovolos.gr/household-appliances/fridges/fridge-freezers/243091-ψυγ-κτης-60cm-bosch-kgn392idf,Bosch KGN392IDF Inox Antifinger,679.0,EUR,"The Bosch KGN392IDF refrigerator with electronic temperature control and VitaFresh drawer keeps food fresh. In addition, it has LED lighting, automatic SuperFreezing, an EasyAccess shelf and a SuperCooling function."
https://www.kotsovolos.gr/household-appliances/fridges/fridge-freezers/211932-lg-gbp31dstzr-dark-graphite,LG GBP31DSTZR Dark Graphite,699.0,EUR,Fridge-freezer LG GBP31DSTZR Full No Frost total gross capacity 374lt with Door Cooling for faster cooling at the refrigerator door.
https://www.kotsovolos.gr/household-appliances/fridges/fridge-freezers/237007-ψυγ-κτης-60cm-lg-white-gbb72swvgn,LG GBB72SWVGN White,699.0,EUR,"Fridge-freezer LG GBB72SWVGN White with Total No Frost cooling type, dimensions 203 x 59.5 x 68.2 cm and gross capacity 419lt."
https://www.kotsovolos.gr/household-appliances/fridges/fridge-freezers/280368-ψυγ-κτης-60cm-samsung-rb38c606dsa-ef,Samsung RB38C606DSA/EF,699.0,EUR,"Samsung RB38C606DSA/EF fridge-freezer with large capacity (SpaceMax) 390L, All-Around Cooling system, Optimal Fresh + drawer and Digital Inverter technology."
https://www.kotsovolos.gr/household-appliances/fridges/fridge-freezers/264985-ψυγ-κτης-60cm-whirlpool-w7x-92o-ox-h,Whirlpool W7X 92O OX H,699.0,EUR,"Whirlpool Total No Frost fridge-freezer with storage capacity of 263 lt and freezing capacity of 104 lt. With a touch screen for easy control and selection of functions, 6th Sense technology that automatically adjusts the temperature and special drawers for preserving fruit, vegetables and meat. Freezes fresh food quickly thanks to the Fast Freezing function."
https://www.kotsovolos.gr/household-appliances/fridges/fridge-freezers/257762-ψυγ-κτης-60cm-grundig-gkpn-66840-lxpw,Thorough GKPN 66840 LXPW,699.0,EUR,"Fridge-freezer GKPN 66840 LXPW from Grundig, capacity 316lt, with WiFi connection and FullFresh+ vegetable drawer."
https://www.kotsovolos.gr/household-appliances/fridges/fridge-freezers/264980-ψυγ-κτης-60cm-whirlpool-w7x-93t-mx,Whirlpool W7X 93T MX,799.0,EUR,"Whirlpool W7X 93T MX fridge-freezer with a total gross capacity of 367lt, Inox color, with a width of 60cm and the temperature can be adjusted automatically with digital sensors. The No Frost system guarantees the perfect preservation of food without the need for defrosting in storage and freezing."
https://www.kotsovolos.gr/household-appliances/fridges/fridge-freezers/225009-lg-gbb92stacp,LG GBB92STACP,849.0,EUR,"LG GBB92STACP Inox fridge-freezer of high specifications with an elegant design, 419lt gross capacity, 20-year warranty Inverter motor and Door Cooling function for faster cooling at the refrigerator door. In addition, it has FRESHBalancer and FRESHConverter functions that ensure optimization of humidity & optimal temperature of your food, provides easy storage for large items and with the SmartThinQ app you can remotely adjust the temperature."
https://www.kotsovolos.gr/household-appliances/fridges/fridge-freezers/277753-ψυγ-κτης-60cm-haier-hdw3618dnpk-inox,Haier HDW3618DNPK Inox,849.0,EUR,"Haier HDW3618DNPK 60cm fridge-freezer, Full No Frost technology, total net capacity 341lt, with Air Surround uniform side cooling, Humidity Zone drawer to keep food fresh and LED interior lighting. It has an external touch screen to see its settings at a glance."
https://www.kotsovolos.gr/household-appliances/fridges/fridge-freezers/220148-lg-gbf71pzdmn-60cm,LG GBF71PZDMN,859.0,EUR,"Fridge-freezer LG GBF71PZDMN with Full No Frost function, DoorCooling+ and Platinum Silver color."
https://www.kotsovolos.gr/household-appliances/fridges/fridge-freezers/261145-lg-gbb72pz7cn1-inox,LG GBB72PZ7CN1 Inox,899.0,EUR,"Inox fridge-freezer with Smart Inverter Compressor motor with a gross capacity of 419 liters, with pockets in the door, multiple air flow and a FreshConverter drawer to keep your fish, meat and vegetables in excellent condition."
https://www.kotsovolos.gr/household-appliances/fridges/fridge-freezers/222345-samsung-rb38t650esa,Samsung RB38T650ESA,939.0,EUR,"The Samsung RB38T650ESA fridge-freezer features All Around Cooling technology, which ensures a more effective and efficient cooling cycle with a constant temperature on every shelf and drawer and combined with Humidity Fresh technology, which perfectly regulates humidity, food is kept fresh for longer space. Its Inverter motor with seven different operating levels offers low power consumption and quiet operation."
https://www.kotsovolos.gr/household-appliances/fridges/fridge-freezers/204673-liebherr-cnpesf-4613,Liebherr CNPESF 4613,999.0,EUR,Liebherr CNPESF 4613 fridge-freezer with a capacity of 458lt with Duo Cooling technology for maximum cooling separately in storage and freezing.
https://www.kotsovolos.gr/household-appliances/fridges/fridge-freezers/270259-ψυγ-κτης-60cm-hisense-rb390n4rbd-black,Hisense RB390N4RBD Black,999.0,EUR,"Hisense Total No Frost fridge-freezer with storage capacity of 204lt and freezing capacity of 96lt. It has a Convert Fresh Zone drawer to keep food fresh, Multi Air Flow that distributes the cooling evenly to all your food, and Super Freeze for fast cooling."
https://www.kotsovolos.gr/household-appliances/fridges/fridge-freezers/252350-ψυγ-κτης-60cm-bosch-kgn36vida-antifinger,Bosch KGN36VIDA Antifinger,1129.0,EUR,Bosch KGN36VID Inox Antifinger freestanding fridge-freezer with Full NoFrost technology with VitaFresh to keep everything perfect and fresh for even longer.\n
https://www.kotsovolos.gr/household-appliances/fridges/fridge-freezers/270531-ψυγ-κτης-60cm-lg-gbb72bm9dq,I have a hard time,1269.0,EUR,"Fridge-freezer GBB72BM9DQ from the LG company with Total No Frost cooling type, dimensions 203.0 x 59.5 x 67.5 cm and total capacity 387lt."
https://www.kotsovolos.gr/household-appliances/fridges/fridge-freezers/197493-lg-gbb569nsafb,LG GBB569NSAFB,1349.0,EUR,"Fridge-freezer LG GBB569NSAFB Full No Frost total gross capacity 500lt with LINEARCooling for fresh food for longer, DoorCooling+ for faster and uniform cooling, everywhere and SmartThinQ system via app for remote settings."
https://www.kotsovolos.gr/household-appliances/fridges/fridge-freezers/270258-ψυγ-κτης-60cm-hisense-rb390n4ryd-lght-b,Hisense RB390N4RYD Light Beige,1549.0,EUR,"Hisense Total No Frost fridge-freezer with storage capacity of 204lt and freezing capacity of 96lt. It has a Convert Fresh Zone drawer to keep food fresh, Multi Air Flow that distributes the cooling evenly to all your food, and Super Freeze for fast cooling."
https://www.kotsovolos.gr/household-appliances/fridges/fridge-freezers/224382-lg-gbb92stbap,LG GBB92STBAP,1799.0,EUR,"Fridge-freezer LG GBB92STBAP 60cm, Inox color and mixed capacity 419lt. The cooling is done with the Full NoFrost function, it has the possibility of NFC connectivity, a bottle holder and three shelves in the maintenance."
